date,open,high,low,close,volume
1491177600,112.0,118.0,112.0,118.0,60
1491264000,119.33,126.0,119.33,126.0,60
1491436800,126.0,134.67,127.33,134.67,70
1491696000,136.67,144.67,136.67,136.67,10050
1491782400,146.67,155.33,146.67,155.33,1060
1491868800,157.33,167.33,157.33,167.33,60
1491955200,170.0,180.67,170.0,180.67,3290
1492041600,183.33,195.33,183.33,195.33,10139
1492300800,198.0,211.33,198.0,211.33,53319
1492473600,214.67,225.33,211.33,221.33,56147
1492560000,221.33,226.67,220.0,224.67,22541
1492646400,228.0,230.0,213.33,223.33,21632
1492905600,226.67,230.0,223.33,226.67,11000
1492992000,228.0,237.33,226.67,231.33,26021
1493078400,232.0,236.67,229.33,232.67,34867
1493164800,236.0,236.67,228.0,228.0,5229
1493251200,228.0,228.0,220.0,226.0,48910
1493510400,223.33,225.33,216.67,225.33,40381
1493683200,226.67,226.67,213.33,226.67,75539
1493769600,227.0,245.0,223.0,227.0,13244
1493856000,230.0,235.0,225.0,225.0,7375
1494115200,221.0,221.0,216.0,220.0,9907
1494201600,217.0,221.0,215.0,217.0,5013
1494288000,217.0,221.0,215.0,218.0,14052
1494460800,221.0,236.0,220.0,220.0,39200
1494806400,220.0,224.0,218.0,218.0,7076
1494892800,216.0,216.0,215.0,215.0,1840
1494979200,212.0,215.0,208.0,213.0,2804
1495065600,213.0,215.0,210.0,212.0,6660
1495324800,208.0,214.0,204.0,212.0,3320
1495411200,210.0,210.0,210.0,210.0,300
1495497600,211.0,211.0,208.0,208.0,690
1495584000,208.0,210.0,210.0,210.0,100
1495929600,210.0,210.0,204.0,205.0,1200
1496102400,201.0,202.0,200.0,200.0,865
1496188800,200.0,205.0,195.0,205.0,3711
1496275200,205.0,205.0,200.0,200.0,2166
1496534400,198.0,198.0,198.0,198.0,24
1496620800,200.0,201.0,199.0,199.0,2901
1496707200,202.0,206.0,201.0,202.0,3214
1496793600,206.0,206.0,200.0,200.0,3365
1496880000,197.0,200.0,197.0,200.0,2369
1497139200,198.0,198.0,193.0,193.0,1700
1497225600,196.0,196.0,195.0,196.0,970
1497312000,192.0,194.0,190.0,194.0,1228
1497398400,188.0,193.0,188.0,190.0,2685
1497484800,192.0,195.0,190.0,195.0,622
1497744000,195.0,195.0,195.0,195.0,13
1497830400,194.0,195.0,193.0,195.0,896
1497916800,194.0,194.0,187.0,190.0,1238
1498003200,191.0,192.0,190.0,190.0,133
1498089600,190.0,192.0,187.0,192.0,4160
1498348800,190.0,190.0,189.0,189.0,300
1498521600,192.0,192.0,186.0,186.0,1025
1498608000,187.0,188.0,187.0,188.0,2302
1498953600,188.0,188.0,186.0,186.0,101
1499040000,185.0,185.0,180.0,182.0,1868
1499126400,182.0,182.0,179.0,182.0,824
1499212800,176.0,182.0,176.0,182.0,2309
1499299200,185.0,185.0,182.0,182.0,3070
1499558400,185.0,188.0,182.0,186.0,468
1499644800,186.0,186.0,183.0,185.0,2732
1499731200,183.0,186.0,183.0,186.0,160
1499817600,184.0,187.0,184.0,185.0,1523
1499904000,183.0,183.0,180.0,181.0,1400
1500163200,180.0,182.0,177.0,181.0,1777
1500249600,180.0,185.0,180.0,185.0,366
1500336000,188.0,192.0,185.0,192.0,1876
1500422400,195.0,195.0,189.0,191.0,2432
1500508800,186.0,186.0,185.0,186.0,610
1500768000,186.0,192.0,186.0,192.0,1446
1500854400,189.0,189.0,180.0,180.0,9006
1500940800,183.0,183.0,180.0,183.0,6793
1501027200,184.0,194.0,178.0,194.0,3491
1501113600,191.0,194.0,188.0,194.0,4759
1501372800,194.0,194.0,188.0,193.0,7060
1501459200,192.0,192.0,187.0,191.0,10826
1501545600,190.0,201.0,190.0,195.0,6428
1501632000,198.0,204.0,192.0,196.0,7699
1501718400,196.0,199.0,191.0,191.0,642
1501977600,193.0,193.0,190.0,193.0,500
1502064000,194.0,204.0,194.0,197.0,19474
1502236800,195.0,208.0,194.0,201.0,10028
1502323200,200.0,200.0,197.0,197.0,6350
1502582400,196.0,213.0,195.0,205.0,16213
1502755200,201.0,207.0,199.0,203.0,12986
1502841600,199.0,208.0,199.0,204.0,25977
1502928000,201.0,201.0,201.0,201.0,150
1503187200,197.0,198.0,197.0,198.0,1194
1503273600,197.0,197.0,196.0,197.0,1606
1503360000,195.0,195.0,192.0,192.0,1042
1503446400,190.0,191.0,190.0,191.0,97
1503532800,191.0,194.0,194.0,194.0,147
1503792000,194.0,191.0,191.0,191.0,151
1503878400,192.0,195.0,192.0,195.0,308
1504483200,194.0,194.0,191.0,192.0,16514
1504656000,188.0,188.0,182.0,185.0,5167
1504742400,186.0,188.0,185.0,187.0,1995
1505001600,187.0,187.0,180.0,180.0,848
1505088000,180.0,189.0,180.0,187.0,3199
1505174400,184.0,184.0,180.0,183.0,14853
1505260800,186.0,186.0,184.0,186.0,601
1505347200,189.0,189.0,185.0,188.0,1008
1505606400,191.0,194.0,185.0,194.0,3747
1505692800,197.0,199.0,196.0,197.0,18388
1505865600,200.0,204.0,196.0,199.0,200
1506297600,196.0,196.0,194.0,194.0,5408
1506384000,191.0,191.0,191.0,191.0,31
1507075200,192.0,192.0,192.0,192.0,36
1507507200,189.0,192.0,189.0,192.0,30
1507593600,189.0,191.0,185.0,191.0,5079
1507680000,188.0,188.0,181.0,182.0,2585
1507766400,181.0,184.0,179.0,181.0,9786
1508025600,183.0,186.0,183.0,186.0,6095
1508112000,189.0,189.0,183.0,183.0,610
1508198400,186.0,186.0,183.0,183.0,275
1508630400,186.0,186.0,186.0,186.0,100
1508803200,186.0,185.0,185.0,185.0,90
1508889600,182.0,182.0,179.0,179.0,88
1509321600,179.0,183.0,179.0,181.0,2760
1509408000,182.0,190.0,182.0,189.0,7263
1509494400,186.0,186.0,182.0,182.0,3375
1509580800,181.0,184.0,179.0,180.0,9104
1509840000,178.0,178.0,169.0,170.0,41072
1509926400,170.0,173.0,168.0,172.0,1253
1510012800,174.0,174.0,170.0,173.0,1285
1510099200,170.0,170.0,166.0,166.0,1532
1510185600,164.0,168.0,161.0,167.0,2958
1510444800,168.0,165.0,159.0,165.0,7676
1510531200,162.0,168.0,162.0,167.0,235
1510617600,165.0,172.0,165.0,172.0,979
1510704000,169.0,169.0,166.0,166.0,361
1510790400,164.0,166.0,160.0,163.0,10555
1511049600,163.0,164.0,158.0,159.0,6038
1511136000,158.0,159.0,157.0,157.0,3854
1511222400,156.0,162.0,152.0,155.0,7674
1511308800,154.0,154.0,151.0,154.0,1523
1511395200,154.0,163.0,157.0,161.0,3105
1511654400,161.0,162.0,158.0,162.0,611
1511740800,160.0,160.0,156.0,159.0,2470
1511827200,157.0,162.0,157.0,157.0,5455
1511913600,160.0,163.0,158.0,163.0,1183
1512000000,163.0,166.0,160.0,166.0,3519
1512345600,163.0,164.0,160.0,164.0,6307
1512432000,161.0,165.0,160.0,164.0,5193
1512518400,161.0,167.0,160.0,167.0,4289
1512864000,170.0,170.0,163.0,167.0,5235
1512950400,164.0,164.0,158.0,161.0,50
1513036800,159.0,164.0,157.0,162.0,4742
1513123200,162.0,162.0,159.0,162.0,16136
1513209600,160.0,160.0,159.0,160.0,200
1513468800,162.0,164.0,159.0,164.0,801
1513555200,161.0,161.0,158.0,158.0,635
1513641600,156.0,162.0,156.0,160.0,2826
1513728000,160.0,160.0,157.0,158.0,1611
1513814400,161.0,161.0,156.0,156.0,827
1514073600,153.0,155.0,153.0,155.0,332
1514246400,152.0,152.0,151.0,151.0,841
1514332800,148.0,150.0,146.0,146.0,3673
1514419200,146.0,148.0,144.0,146.0,2598
1514678400,144.0,144.0,140.0,140.0,1619
1514764800,142.0,145.0,141.0,144.0,4765
1514851200,145.0,147.0,145.0,145.0,1540
1515024000,143.0,144.0,143.0,144.0,100
1515283200,146.0,148.0,146.0,148.0,6236
1515369600,150.0,150.0,149.0,149.0,390
1515456000,149.0,150.0,143.0,144.0,578
1515542400,142.0,143.0,140.0,141.0,1758
1516060800,141.0,148.0,141.0,143.0,26386
1516147200,141.0,143.0,141.0,143.0,28
1516492800,143.0,146.0,142.0,146.0,2860
1516579200,146.0,146.0,144.0,145.0,87
1516665600,143.0,143.0,135.0,138.0,8684
1516752000,140.0,142.0,139.0,142.0,1310
1516838400,141.0,141.0,140.0,140.0,1429
1517097600,140.0,140.0,138.0,138.0,284
1517184000,138.0,138.0,136.0,136.0,730
1517356800,136.0,144.0,136.0,144.0,1060
1517443200,144.0,144.0,142.0,142.0,870
1517702400,140.0,140.0,136.0,139.0,2672
1517788800,138.0,138.0,135.0,135.0,2484
1517875200,135.0,137.0,134.0,134.0,3596
1517961600,136.0,141.0,135.0,141.0,213
1518048000,139.0,139.0,136.0,136.0,1351
1518307200,136.0,136.0,136.0,136.0,80
1518393600,138.0,138.0,138.0,138.0,200
1518566400,139.0,139.0,136.0,136.0,2307
1518652800,135.0,143.0,135.0,143.0,13474
1518912000,143.0,141.0,139.0,139.0,518
1519084800,137.0,137.0,135.0,135.0,1476
1519171200,137.0,138.0,136.0,136.0,211
1519257600,136.0,136.0,136.0,136.0,29
1519516800,135.0,135.0,132.0,133.0,2069
1519603200,135.0,135.0,128.0,128.0,1812
1519689600,130.0,136.0,130.0,135.0,318
1519776000,133.0,133.0,130.0,130.0,493
1520121600,128.0,128.0,121.0,124.0,9470
1520294400,123.0,126.0,122.0,126.0,4391
1520380800,128.0,130.0,126.0,126.0,2037
1520726400,126.0,126.0,122.0,124.0,1627
1520812800,124.0,124.0,119.0,124.0,13758
1520899200,124.0,124.0,122.0,122.0,424
1520985600,122.0,124.0,122.0,123.0,842
1521072000,122.0,122.0,120.0,122.0,238
1521331200,124.0,124.0,123.0,123.0,150
1521417600,123.0,123.0,122.0,123.0,21754
1521504000,123.0,124.0,121.0,123.0,3940
1521590400,123.0,123.0,119.0,119.0,2463
1521676800,119.0,124.0,119.0,122.0,30650
1522022400,122.0,122.0,115.0,116.0,5070
1522108800,113.0,117.0,111.0,117.0,550
1522195200,118.0,120.0,116.0,118.0,2865
1522281600,119.0,121.0,119.0,121.0,357
1522540800,120.0,120.0,118.0,118.0,350
1522627200,119.0,120.0,119.0,120.0,4460
1522713600,120.0,120.0,120.0,120.0,200
1522800000,120.0,120.0,118.0,120.0,2689
1522886400,122.0,126.0,120.0,124.0,2679
1523145600,124.0,126.0,124.0,126.0,1753
1523232000,124.0,124.0,120.0,120.0,588
1523318400,122.0,126.0,122.0,122.0,1154
1523404800,120.0,122.0,116.0,117.0,2669
1523491200,118.0,118.0,116.0,116.0,1131
1523750400,116.0,116.0,115.0,115.0,168
1523836800,116.0,124.0,116.0,124.0,627
1523923200,124.0,126.0,122.0,125.0,17154
1524009600,124.0,129.0,121.0,129.0,1960
1524096000,131.0,134.0,128.0,129.0,3348
1524355200,128.0,134.0,130.0,134.0,616
1524441600,134.0,136.0,132.0,132.0,3450
1524528000,134.0,134.0,132.0,134.0,212
1524700800,133.0,133.0,128.0,128.0,177
1524960000,126.0,126.0,123.0,123.0,831
1525219200,123.0,121.0,119.0,121.0,1303
1525305600,123.0,125.0,122.0,125.0,545
1525564800,125.0,125.0,123.0,123.0,146
1525651200,125.0,125.0,123.0,123.0,642
1525737600,125.0,125.0,123.0,123.0,210
1525824000,123.0,124.0,121.0,121.0,437
1525910400,121.0,122.0,120.0,122.0,17599
1526256000,122.0,122.0,116.0,117.0,1372
1526342400,116.0,116.0,115.0,115.0,131
1526428800,117.0,117.0,117.0,117.0,100
1526774400,115.0,115.0,115.0,115.0,600
1526860800,117.0,117.0,114.0,115.0,665
1526947200,116.0,116.0,115.0,115.0,439
1527033600,115.0,115.0,114.0,114.0,7709
1527120000,114.0,116.0,116.0,116.0,310
1527379200,115.0,116.0,114.0,116.0,1004
1527465600,114.0,116.0,112.0,116.0,1027
1527552000,116.0,116.0,116.0,116.0,9943
1527638400,114.0,115.0,113.0,115.0,2104
1527724800,117.0,117.0,117.0,117.0,55
1527984000,116.0,116.0,114.0,114.0,903
1528329600,112.0,112.0,112.0,112.0,93
1528588800,111.0,111.0,110.0,110.0,1018
1528675200,110.0,110.0,106.0,106.0,4384
1528761600,106.0,108.0,106.0,108.0,3605
1528848000,106.0,109.0,106.0,108.0,2259
1528934400,110.0,112.0,108.0,112.0,574
1529193600,110.0,113.0,108.0,113.0,306
1529280000,111.0,111.0,111.0,111.0,100
1529366400,109.0,109.0,109.0,109.0,500
1529452800,109.0,109.0,109.0,109.0,100
1529539200,107.0,108.0,107.0,108.0,10187
1529798400,106.0,107.0,106.0,106.0,7073
1529884800,108.0,110.0,108.0,109.0,210
1530057600,111.0,111.0,110.0,110.0,67
1530144000,112.0,112.0,108.0,108.0,690
1530403200,107.0,109.0,107.0,109.0,430
1530489600,108.0,109.0,105.0,105.0,625
1530576000,105.0,107.0,105.0,106.0,7454
1530662400,107.0,107.0,105.0,107.0,3732
1530748800,109.0,111.0,109.0,111.0,640
1531094400,109.0,109.0,109.0,109.0,33
1531267200,107.0,107.0,107.0,107.0,400
1531353600,107.0,107.0,104.0,106.0,4439
1531612800,105.0,106.0,105.0,106.0,1013
1531785600,105.0,109.0,105.0,109.0,11820
1532217600,110.0,110.0,110.0,109.0,60
1532304000,108.0,108.0,106.0,106.0,920
1532390400,108.0,116.0,108.0,114.0,280
1532476800,112.0,112.0,111.0,111.0,4218
1532563200,111.0,111.0,111.0,111.0,17
1532822400,109.0,109.0,107.0,107.0,229
1532995200,107.0,109.0,105.0,109.0,292
1533081600,107.0,109.0,107.0,109.0,430
1533168000,108.0,109.0,105.0,105.0,625
1533427200,105.0,105.0,103.0,105.0,4127
1533513600,107.0,107.0,107.0,107.0,60
1533600000,107.0,107.0,107.0,107.0,1752
1533686400,107.0,107.0,104.0,105.0,2977
1533772800,107.0,107.0,107.0,107.0,310
1534032000,107.0,107.0,105.0,105.0,430
1534118400,103.0,109.0,103.0,109.0,6307
1534204800,109.0,115.0,107.0,115.0,9174
1534291200,113.0,117.0,111.0,117.0,7433
1534377600,116.0,116.0,113.0,114.0,2752
1534636800,111.0,111.0,110.0,110.0,540
1534723200,110.0,110.0,110.0,110.0,632
1534809600,109.0,109.0,105.0,107.0,1015
1534896000,107.0,109.0,107.0,109.0,40
1534982400,111.0,111.0,109.0,110.0,562
1535241600,108.0,108.0,108.0,108.0,5103
1535414400,110.0,112.0,110.0,110.0,1510
1535500800,112.0,112.0,110.0,110.0,168
1535587200,112.0,114.0,112.0,112.0,2275
1535846400,113.0,112.0,111.0,111.0,2850
1535932800,113.0,115.0,113.0,115.0,1530
1536019200,113.0,114.0,112.0,112.0,671
1536105600,114.0,114.0,108.0,110.0,3978
1536192000,111.0,111.0,110.0,111.0,951
1536451200,109.0,109.0,107.0,107.0,6411
1536537600,106.0,106.0,106.0,106.0,200
1536624000,108.0,110.0,108.0,110.0,1225
1536710400,109.0,109.0,106.0,106.0,8700
1536796800,104.0,109.0,104.0,107.0,7599
1537056000,109.0,109.0,109.0,109.0,100
1537142400,110.0,110.0,107.0,107.0,498
1537401600,106.0,110.0,106.0,110.0,1942
1537833600,111.0,111.0,105.0,105.0,7774
1537920000,107.0,112.0,107.0,109.0,3424
1538006400,107.0,111.0,107.0,111.0,3554
1538265600,113.0,113.0,113.0,113.0,23
1538352000,111.0,111.0,111.0,111.0,30
1538438400,110.0,110.0,108.0,108.0,1176
1538524800,106.0,112.0,106.0,112.0,1027
1538611200,110.0,110.0,108.0,108.0,143
1538870400,108.0,108.0,104.0,106.0,7443
1538956800,107.0,107.0,105.0,105.0,10315
1539043200,105.0,106.0,105.0,106.0,158
1539129600,106.0,106.0,106.0,106.0,500
1539216000,108.0,108.0,106.0,106.0,1520
1539475200,106.0,106.0,105.0,106.0,2800
1539561600,105.0,107.0,105.0,106.0,4415
1540080000,107.0,108.0,107.0,108.0,400
1540166400,106.0,107.0,106.0,107.0,64
1540252800,106.0,106.0,106.0,106.0,2946
1540339200,108.0,108.0,108.0,108.0,100
1540771200,106.0,106.0,106.0,106.0,243
1540857600,106.0,108.0,106.0,108.0,2584
1540944000,106.0,106.0,106.0,106.0,200
1541030400,107.0,107.0,105.0,105.0,750
1541289600,103.0,104.0,103.0,104.0,2433
1541376000,104.0,110.0,104.0,107.0,4199
1542153600,106.0,106.0,102.0,104.0,526
1542240000,104.0,106.0,102.0,106.0,1194
1542499200,106.0,108.0,106.0,106.0,520
1542585600,106.0,106.0,104.0,104.0,150
1542672000,104.0,105.0,102.0,102.0,5475
1542758400,102.0,105.0,101.0,104.0,1572
1542844800,104.0,106.0,104.0,106.0,406
1543104000,106.0,106.0,104.0,104.0,123
1543190400,104.0,105.0,103.0,103.0,1356
1543276800,103.0,103.0,103.0,103.0,806
1543449600,103.0,103.0,101.0,102.0,1400
1543708800,102.0,104.0,101.0,101.0,1359
1543881600,101.0,103.0,101.0,103.0,1053
1544313600,102.0,104.0,102.0,102.0,850
1544400000,102.0,102.0,101.0,101.0,563
1544486400,101.0,101.0,100.0,100.0,19
1544572800,100.0,101.0,100.0,100.0,162
1545091200,100.0,100.0,98.0,100.0,2488
1545177600,100.0,104.0,100.0,104.0,1310
1545264000,104.0,104.0,102.0,102.0,43
1545523200,102.0,102.0,102.0,102.0,303
1545609600,102.0,106.0,101.0,106.0,1897
1545782400,106.0,106.0,104.0,106.0,2360
1545868800,106.0,106.0,104.0,104.0,256
1546128000,104.0,104.0,102.0,103.0,120
1546214400,103.0,106.0,103.0,106.0,781
1546300800,106.0,106.0,106.0,106.0,2
1546387200,105.0,105.0,101.0,101.0,1015
1546473600,101.0,103.0,101.0,103.0,100
1546732800,103.0,103.0,100.0,100.0,558
1546819200,100.0,104.0,100.0,104.0,138
1546905600,104.0,104.0,102.0,102.0,21
1546992000,102.0,103.0,100.0,100.0,2200
1547078400,100.0,100.0,100.0,100.0,3871
1547337600,100.0,106.0,98.0,100.0,1694
1547424000,100.0,108.0,100.0,108.0,220
1547510400,108.0,108.0,106.0,106.0,19
1547596800,106.0,106.0,104.0,104.0,300
1547683200,104.0,108.0,104.0,104.0,6843
1548028800,104.0,109.0,104.0,109.0,1013
1548115200,109.0,109.0,107.0,107.0,41
1548201600,107.0,107.0,103.0,103.0,3279
1548288000,103.0,105.0,103.0,103.0,101
1548547200,103.0,105.0,103.0,104.0,2206
1548633600,104.0,104.0,102.0,103.0,1022
1548720000,103.0,109.0,103.0,106.0,7016
1548806400,106.0,107.0,102.0,102.0,22560
1548892800,102.0,105.0,101.0,105.0,22186
1549238400,105.0,106.0,104.0,106.0,23047
1549324800,106.0,106.0,104.0,106.0,335
1549411200,104.0,106.0,104.0,104.0,402
1549497600,105.0,106.0,103.0,105.0,1302
1549756800,105.0,105.0,103.0,103.0,1350
1549843200,103.0,105.0,103.0,104.0,1143
1549929600,102.0,104.0,101.0,101.0,750
1550016000,103.0,103.0,101.0,102.0,16323
1550102400,102.0,103.0,102.0,102.0,7902
1550361600,102.0,102.0,102.0,102.0,1080
1550448000,101.0,102.0,101.0,102.0,629
1550534400,103.0,103.0,102.0,102.0,649
1550620800,103.0,103.0,102.0,103.0,200
1550707200,103.0,103.0,101.0,101.0,1500
1550966400,100.0,101.0,98.0,99.0,3504
1551052800,100.0,101.0,99.0,101.0,2404
1551139200,101.0,103.0,101.0,103.0,1600
1551225600,103.0,103.0,102.0,103.0,1582
1551571200,103.0,107.0,103.0,104.0,2688
1551744000,106.0,108.0,104.0,108.0,2832
1551830400,108.0,108.0,107.0,108.0,1315
1551916800,106.0,108.0,106.0,108.0,26346
1552089600,106.0,108.0,108.0,108.0,0
1552176000,106.0,108.0,108.0,108.0,0
1552262400,110.0,114.0,108.0,110.0,2162
1552348800,108.0,112.0,106.0,112.0,21119
1552435200,110.0,112.0,108.0,110.0,1424
1552521600,110.0,110.0,109.0,110.0,1237
1552780800,109.0,112.0,108.0,110.0,10641
1552867200,108.0,117.0,108.0,112.0,12720
1552953600,110.0,110.0,109.0,109.0,1031
1553126400,110.0,113.0,110.0,112.0,1498
1553385600,110.0,112.0,110.0,111.0,650
1553472000,113.0,113.0,111.0,111.0,4626
1553558400,111.0,113.0,111.0,112.0,2151
1553644800,112.0,114.0,111.0,113.0,1005
1553731200,114.0,117.0,113.0,113.0,1170
1553990400,112.0,112.0,112.0,112.0,301
1554076800,112.0,115.0,112.0,112.0,5358
1554163200,111.0,112.0,110.0,110.0,10054
1554249600,112.0,114.0,109.0,110.0,9230
1554336000,112.0,112.0,110.0,112.0,2449
1554595200,112.0,114.0,111.0,112.0,10755
1554681600,112.0,115.0,112.0,112.0,2778
1554768000,111.0,111.0,110.0,110.0,2967
1554854400,110.0,118.0,109.0,113.0,360
1554940800,112.0,112.0,110.0,111.0,734
1555286400,111.0,113.0,110.0,113.0,1105
1555372800,112.0,113.0,112.0,113.0,2790
1555459200,113.0,116.0,114.0,116.0,1710
1555545600,114.0,114.0,112.0,113.0,2220
1555804800,111.0,115.0,111.0,113.0,170
1555891200,113.0,113.0,111.0,111.0,3150
1555977600,112.0,112.0,111.0,111.0,1350
1556064000,110.0,112.0,110.0,110.0,1369
1556150400,111.0,117.0,111.0,113.0,3731
1556409600,115.0,116.0,114.0,114.0,5900
1556496000,112.0,113.0,112.0,113.0,1245
1556582400,112.0,112.0,111.0,111.0,5250
1556755200,109.0,112.0,109.0,110.0,8131
1557014400,112.0,112.0,110.0,110.0,289
1557100800,108.0,108.0,108.0,108.0,1000
1557187200,108.0,108.0,108.0,108.0,24
1557273600,108.0,110.0,108.0,109.0,1333
1557360000,107.0,109.0,107.0,108.0,1341
1557619200,110.0,112.0,110.0,110.0,489
1557705600,109.0,109.0,105.0,109.0,24474
1557792000,111.0,112.0,107.0,107.0,26120
1557878400,109.0,110.0,107.0,107.0,15244
1557964800,109.0,112.0,108.0,110.0,7540
1558224000,108.0,112.0,108.0,108.0,6930
1558310400,107.0,113.0,106.0,111.0,44799
1558396800,110.0,116.0,110.0,115.0,34882
1558483200,113.0,122.0,111.0,119.0,40436
1558569600,119.0,119.0,114.0,117.0,7404
1558828800,116.0,116.0,111.0,111.0,220
1558915200,110.0,119.0,110.0,119.0,28406
1559001600,117.0,119.0,117.0,117.0,6772
1559088000,118.0,120.0,118.0,118.0,23952
1559174400,120.0,126.0,118.0,118.0,42238
1559433600,119.0,119.0,117.0,117.0,1081
1559520000,117.0,118.0,116.0,116.0,5080
1559606400,115.0,118.0,110.0,114.0,15758
1559779200,116.0,124.0,116.0,122.0,13663
1560124800,122.0,127.0,116.0,122.0,4275
1560211200,124.0,124.0,120.0,120.0,410
1560297600,118.0,121.0,116.0,121.0,3630
1560384000,121.0,121.0,118.0,118.0,1898
1560643200,117.0,118.0,116.0,117.0,1357
1560729600,117.0,123.0,117.0,123.0,21118
1560816000,121.0,121.0,119.0,120.0,3369
1560902400,119.0,122.0,118.0,119.0,4866
1560988800,119.0,120.0,118.0,118.0,10221
1561248000,118.0,118.0,116.0,117.0,3002
1561334400,117.0,119.0,116.0,119.0,5323
1561420800,118.0,120.0,118.0,119.0,1805
1561507200,119.0,121.0,119.0,120.0,3261
1561593600,120.0,122.0,120.0,121.0,6543
1561852800,119.0,119.0,117.0,118.0,1139
1561939200,116.0,117.0,114.0,116.0,3495
1562025600,116.0,119.0,115.0,119.0,4906
1562112000,120.0,120.0,119.0,119.0,1531
1562198400,120.0,122.0,119.0,119.0,3428
1562457600,118.0,118.0,118.0,118.0,91
1562544000,120.0,120.0,119.0,120.0,2727
1562630400,120.0,121.0,119.0,119.0,2682
1562716800,121.0,121.0,120.0,121.0,2171
1562803200,121.0,121.0,120.0,120.0,3892
1563062400,118.0,120.0,118.0,118.0,872
1563148800,117.0,120.0,117.0,120.0,3803
1563235200,126.0,126.0,121.0,121.0,410
1563321600,122.0,122.0,120.0,120.0,1020
1563408000,122.0,122.0,122.0,122.0,4743
1563667200,121.0,123.0,118.0,123.0,2040
1563753600,123.0,123.0,121.0,121.0,920
1563840000,122.0,125.0,121.0,125.0,7819
1563926400,123.0,124.0,122.0,122.0,7983
1564012800,121.0,123.0,121.0,122.0,3930
1564272000,120.0,123.0,120.0,123.0,6695
1564358400,121.0,121.0,120.0,120.0,7440
1564444800,120.0,126.0,120.0,121.0,3483
1564531200,123.0,123.0,121.0,122.0,1006
1564617600,122.0,125.0,122.0,124.0,4189
1564876800,125.0,125.0,122.0,122.0,1822
1564963200,120.0,120.0,120.0,120.0,1500
1565049600,120.0,120.0,120.0,120.0,3500
1565136000,118.0,121.0,118.0,121.0,3627
1565222400,119.0,120.0,119.0,120.0,161
1565481600,120.0,120.0,118.0,120.0,40
1565568000,120.0,120.0,118.0,120.0,11678
1565654400,120.0,120.0,119.0,120.0,6535
1565740800,118.0,120.0,118.0,119.0,1170
1566086400,120.0,120.0,119.0,119.0,783
1566172800,117.0,119.0,117.0,118.0,2876
1566259200,119.0,119.0,119.0,119.0,4000
1566432000,121.0,123.0,118.0,120.0,8778
1566691200,121.0,121.0,120.0,120.0,4408
1566777600,118.0,118.0,118.0,118.0,801
1566864000,119.0,120.0,118.0,118.0,2150
1566950400,116.0,117.0,116.0,117.0,4265
1567036800,117.0,117.0,117.0,117.0,10
1567296000,119.0,119.0,118.0,118.0,2600
1567382400,118.0,118.0,118.0,118.0,10
1567468800,116.0,118.0,116.0,118.0,1600
1567555200,117.0,117.0,117.0,117.0,604
1567641600,117.0,117.0,115.0,116.0,3230
1567900800,116.0,116.0,116.0,116.0,4
1567987200,118.0,118.0,116.0,116.0,700
1568160000,115.0,115.0,112.0,112.0,535
1568246400,112.0,112.0,112.0,112.0,2152
1568592000,111.0,111.0,110.0,110.0,2432
1568678400,112.0,114.0,112.0,114.0,1175
1568764800,115.0,115.0,114.0,115.0,447
1568851200,113.0,114.0,110.0,112.0,6016
1569110400,114.0,112.0,110.0,110.0,607
1569196800,109.0,111.0,109.0,111.0,5881
1569283200,109.0,109.0,107.0,107.0,531
1569456000,109.0,114.0,109.0,114.0,55
1569715200,112.0,112.0,107.0,107.0,1429
1569801600,107.0,109.0,107.0,109.0,972
1569888000,108.0,108.0,108.0,108.0,100
1569974400,110.0,110.0,110.0,110.0,20
1570060800,112.0,112.0,112.0,112.0,38
1571011200,111.0,111.0,109.0,109.0,1800
1571184000,110.0,110.0,110.0,110.0,510
1571270400,109.0,109.0,108.0,109.0,299
1571529600,108.0,110.0,108.0,110.0,783
1571616000,109.0,109.0,109.0,109.0,150
1571702400,109.0,110.0,109.0,109.0,2055
1571875200,111.0,115.0,111.0,113.0,630
1572739200,115.0,115.0,115.0,115.0,20
1572825600,115.0,115.0,110.0,110.0,177
1572912000,110.0,110.0,110.0,110.0,100
1572998400,110.0,111.0,110.0,111.0,1173
1573084800,110.0,110.0,110.0,110.0,91
1573344000,115.0,115.0,113.0,113.0,1510
1573430400,111.0,111.0,111.0,111.0,50
1573516800,109.0,109.0,109.0,109.0,236
1573603200,111.0,113.0,110.0,113.0,568
1573689600,113.0,116.0,110.0,114.0,3110
1573948800,112.0,112.0,110.0,110.0,1277
1574035200,110.0,112.0,110.0,112.0,840
1574121600,112.0,112.0,112.0,112.0,315
1574208000,110.0,110.0,110.0,110.0,500
1574294400,109.0,111.0,109.0,111.0,3709
1574553600,109.0,109.0,105.0,105.0,1441
1574640000,104.0,106.0,104.0,106.0,1205
1574812800,105.0,116.0,105.0,116.0,542
1574899200,114.0,114.0,112.0,112.0,1990
1575158400,112.0,112.0,112.0,112.0,20
1575244800,110.0,110.0,110.0,110.0,93
1575331200,110.0,110.0,108.0,108.0,165
1575417600,108.0,108.0,108.0,108.0,200
1575504000,110.0,112.0,108.0,112.0,825
1575763200,111.0,111.0,111.0,111.0,100
1575849600,110.0,116.0,110.0,116.0,847
1575936000,118.0,118.0,118.0,118.0,30
1576022400,119.0,120.0,117.0,117.0,160
1576108800,115.0,115.0,115.0,115.0,20
1576368000,113.0,114.0,113.0,114.0,310
1576454400,111.0,111.0,110.0,110.0,510
1576540800,108.0,110.0,108.0,110.0,504
1576627200,108.0,108.0,108.0,108.0,100
1576713600,109.0,109.0,109.0,109.0,12
1576972800,107.0,109.0,107.0,109.0,448
1577145600,108.0,115.0,108.0,115.0,2050
1577232000,113.0,113.0,111.0,113.0,133
1577318400,112.0,112.0,111.0,111.0,614
1577577600,111.0,113.0,111.0,113.0,23
1577664000,111.0,111.0,110.0,110.0,543
1577750400,111.0,112.0,107.0,112.0,2531
1577836800,110.0,110.0,110.0,110.0,200
1577923200,110.0,110.0,109.0,109.0,340
1578182400,111.0,111.0,110.0,110.0,2828
1578268800,112.0,112.0,110.0,110.0,1900
1578355200,112.0,114.0,112.0,114.0,1917
1578441600,119.0,119.0,117.0,117.0,250
1578528000,115.0,116.0,115.0,116.0,176
1578787200,118.0,122.0,114.0,122.0,6392
1578873600,121.0,125.0,118.0,119.0,13824
1578960000,124.0,124.0,120.0,121.0,7132
1579046400,123.0,127.0,120.0,124.0,2667
1579132800,126.0,130.0,122.0,122.0,16443
1579392000,124.0,134.0,124.0,134.0,47880
1579478400,134.0,147.0,129.0,133.0,32666
1579564800,135.0,145.0,133.0,134.0,15442
1579651200,134.0,142.0,133.0,138.0,5186
1579737600,137.0,138.0,131.0,133.0,981
1579996800,133.0,135.0,131.0,131.0,12675
1580083200,131.0,135.0,130.0,130.0,2884
1580169600,132.0,134.0,130.0,130.0,2320
1580256000,128.0,128.0,126.0,128.0,4199
1580342400,127.0,129.0,122.0,122.0,23236
1580601600,124.0,132.0,124.0,128.0,1863
1580688000,128.0,130.0,125.0,127.0,4375
1580774400,129.0,133.0,127.0,133.0,9626
1580860800,131.0,133.0,128.0,133.0,3233
1580947200,135.0,136.0,131.0,131.0,9185
1581206400,133.0,133.0,127.0,129.0,6822
1581292800,130.0,133.0,130.0,131.0,559
1581379200,133.0,135.0,128.0,129.0,4335
1581465600,131.0,133.0,129.0,130.0,4004
1581552000,128.0,130.0,126.0,128.0,14761
1581811200,130.0,130.0,126.0,127.0,4486
1581897600,129.0,135.0,128.0,131.0,6357
1581984000,131.0,133.0,130.0,130.0,3658
1582070400,128.0,132.0,128.0,132.0,2101
1582156800,130.0,132.0,128.0,130.0,3559
1582416000,132.0,134.0,130.0,131.0,4280
1582502400,131.0,137.0,130.0,132.0,5660
1582588800,134.0,137.0,131.0,137.0,24658
1582675200,139.0,146.0,138.0,141.0,28619
1582761600,141.0,142.0,137.0,141.0,13967
1583020800,141.0,147.0,141.0,142.0,48086
1583107200,143.0,144.0,138.0,138.0,5432
1583193600,138.0,139.0,128.0,138.0,29570
1583280000,136.0,136.0,128.0,130.0,12400
1583366400,129.0,135.0,126.0,130.0,15507
1583798400,128.0,128.0,128.0,128.0,10
1583884800,126.0,135.0,126.0,135.0,20448
1583971200,133.0,133.0,129.0,129.0,70
1584230400,127.0,127.0,118.0,125.0,22470
1584316800,127.0,127.0,125.0,127.0,906
1584403200,125.0,125.0,123.0,123.0,177
1584489600,122.0,122.0,116.0,120.0,846
1584576000,123.0,123.0,115.0,115.0,11830
1589241600,113.0,113.0,113.0,113.0,10
1589328000,111.0,111.0,110.0,110.0,200
1593388800,110.0,110.0,110.0,106.0,170
1593475200,107.0,107.0,105.0,105.0,1000
1593561600,105.0,105.0,105.0,105.0,60
1593648000,105.0,109.0,105.0,109.0,630
1593907200,109.0,110.0,108.0,109.0,570
1593993600,108.0,113.0,106.0,113.0,3983
1594080000,115.0,116.0,111.0,115.0,3540
1594252800,117.0,121.0,115.0,119.0,3115
1594512000,121.0,121.0,120.0,120.0,140
1594598400,120.0,122.0,120.0,120.0,134
1594684800,121.0,121.0,119.0,119.0,191
1594771200,117.0,121.0,115.0,121.0,1606
1594857600,123.0,123.0,116.0,120.0,1695
1595203200,122.0,132.0,122.0,127.0,6954
1595289600,125.0,127.0,119.0,124.0,10895
1595376000,122.0,126.0,122.0,124.0,5980
1595462400,122.0,124.0,121.0,123.0,2237
1595721600,121.0,123.0,121.0,123.0,4703
1595808000,124.0,124.0,116.0,116.0,9518
1595894400,117.0,121.0,115.0,121.0,5652
1595980800,119.0,122.0,118.0,120.0,2385
1596067200,118.0,121.0,118.0,121.0,74
1596326400,122.0,122.0,116.0,118.0,803
1596412800,117.0,120.0,116.0,120.0,14490
1596585600,119.0,119.0,117.0,117.0,1584
1596672000,117.0,118.0,115.0,118.0,2706
1596931200,118.0,119.0,115.0,119.0,7352
1597017600,119.0,122.0,118.0,122.0,16094
1597104000,121.0,124.0,119.0,122.0,5943
1597190400,120.0,120.0,118.0,119.0,1670
1597276800,117.0,118.0,116.0,118.0,5407
1597536000,116.0,118.0,114.0,116.0,1706
1597622400,118.0,118.0,115.0,118.0,2085
1597708800,116.0,118.0,115.0,117.0,2095
1597795200,119.0,119.0,116.0,118.0,1546
1597881600,117.0,117.0,117.0,117.0,100
1598140800,118.0,122.0,117.0,122.0,6330
1598227200,120.0,124.0,119.0,124.0,5598
1598313600,122.0,124.0,121.0,123.0,2184
1598400000,123.0,125.0,121.0,123.0,10263
1598486400,129.0,129.0,119.0,120.0,5201
1598745600,120.0,124.0,119.0,124.0,283
1598832000,126.0,126.0,120.0,124.0,6967
1599004800,123.0,127.0,120.0,127.0,7450
1599091200,129.0,129.0,123.0,124.0,5001
1599350400,126.0,127.0,122.0,124.0,4558
1599436800,122.0,125.0,120.0,124.0,3371
1599523200,123.0,124.0,122.0,122.0,5148
1599609600,122.0,124.0,121.0,124.0,3002
1599696000,124.0,125.0,122.0,125.0,14744
1599955200,123.0,125.0,121.0,125.0,1371
1600041600,127.0,129.0,122.0,129.0,15758
1600128000,127.0,127.0,121.0,124.0,572
1600214400,122.0,125.0,122.0,125.0,5207
1600300800,127.0,137.0,123.0,136.0,66236
1600560000,142.0,149.0,140.0,145.0,32673
1600646400,153.0,153.0,138.0,142.0,4486
1600732800,140.0,140.0,134.0,140.0,13458
1600819200,141.0,142.0,131.0,135.0,5890
1600905600,135.0,140.0,133.0,133.0,26975
1601164800,135.0,145.0,133.0,145.0,21934
1601251200,147.0,147.0,138.0,138.0,11579
1601337600,137.0,146.0,136.0,136.0,19544
1601424000,138.0,140.0,134.0,138.0,18066
1601510400,140.0,145.0,140.0,142.0,51717
1601769600,144.0,147.0,142.0,144.0,31311
1601856000,142.0,150.0,142.0,145.0,7298
1601942400,145.0,146.0,143.0,146.0,11032
1602028800,144.0,151.0,144.0,149.0,19163
1602115200,151.0,163.0,148.0,163.0,101886
1602374400,171.0,174.0,159.0,165.0,33788
1602460800,164.0,164.0,156.0,159.0,9749
1602547200,162.0,165.0,151.0,152.0,37555
1602633600,159.0,159.0,145.0,150.0,7518
1602720000,153.0,157.0,147.0,147.0,9901
1602979200,145.0,145.0,143.0,145.0,4305
1603065600,144.0,157.0,144.0,149.0,4068
1603152000,151.0,154.0,149.0,154.0,13472
1603238400,151.0,160.0,151.0,152.0,27298
1603324800,155.0,157.0,153.0,155.0,23544
1603843200,162.0,162.0,150.0,157.0,21654
1603929600,164.0,164.0,150.0,156.0,24923
1604188800,153.0,157.0,151.0,152.0,8890
1604275200,155.0,158.0,151.0,151.0,7340
1604361600,154.0,154.0,151.0,153.0,3045
1604448000,155.0,157.0,150.0,155.0,38648
1604534400,158.0,170.0,156.0,170.0,110834
1604793600,171.0,171.0,164.0,170.0,37334
1604880000,172.0,172.0,165.0,169.0,40678
1604966400,172.0,172.0,165.0,169.0,43225
1605052800,166.0,171.0,166.0,166.0,15714
1605139200,169.0,172.0,166.0,170.0,20927
1605657600,178.0,187.0,175.0,187.0,46707
1605744000,196.0,205.0,196.0,205.0,24053
1606003200,215.0,225.0,205.0,208.0,93489
1606089600,209.0,212.0,200.0,201.0,40525
1606176000,205.0,210.0,199.0,200.0,22971
1606262400,200.0,210.0,200.0,204.0,15763
1606348800,205.0,209.0,200.0,200.0,31553
1606608000,190.0,211.0,190.0,206.0,28740
1606694400,210.0,213.0,205.0,205.0,11375
1606780800,215.0,215.0,200.0,200.0,18155
1606867200,200.0,204.0,198.0,200.0,14745
1606953600,210.0,210.0,197.0,199.0,13717
1607212800,196.0,198.0,188.0,189.0,8629
1607299200,191.0,197.0,185.0,197.0,19799
1607385600,197.0,199.0,188.0,188.0,9117
1607472000,191.0,195.0,187.0,188.0,8823
1607558400,190.0,201.0,188.0,196.0,19484
1607817600,198.0,204.0,194.0,203.0,20657
1607904000,203.0,207.0,199.0,207.0,26943
1607990400,206.0,206.0,198.0,201.0,61489
1608076800,197.0,201.0,194.0,200.0,16909
1608163200,196.0,197.0,192.0,196.0,22135
1608422400,193.0,195.0,185.0,187.0,19102
1608508800,184.0,193.0,180.0,188.0,9763
1608595200,191.0,205.0,191.0,204.0,15685
1608681600,214.0,214.0,193.0,199.0,12555
1608768000,196.0,196.0,192.0,196.0,17525
1609027200,198.0,198.0,190.0,193.0,6551
1609113600,192.0,196.0,191.0,196.0,9505
1609200000,196.0,198.0,195.0,197.0,7677
1609286400,196.0,197.0,195.0,195.0,5859
1609372800,194.0,206.0,193.0,202.0,38618
1609632000,200.0,208.0,200.0,208.0,21844
1609718400,205.0,208.0,201.0,205.0,33350
1609804800,206.0,209.0,202.0,204.0,9861
1609891200,214.0,214.0,203.0,209.0,39308
1609977600,199.0,228.0,199.0,226.0,105054
1610236800,237.0,246.0,225.0,241.0,68279
1610323200,245.0,245.0,229.0,232.0,64598
1610409600,243.0,255.0,226.0,253.0,59183
1610496000,253.0,278.0,253.0,278.0,107566
1610841600,280.0,293.0,261.0,291.0,72628
1610928000,305.0,320.0,294.0,320.0,95713
1611014400,336.0,352.0,336.0,352.0,115763
1611100800,369.0,376.0,342.0,375.0,71370
1611187200,393.0,412.0,380.0,412.0,108752
1611446400,432.0,453.0,421.0,424.0,163977
1611532800,444.0,462.0,389.0,462.0,139027
1611619200,471.0,471.0,438.0,458.0,113060
1611705600,449.0,449.0,433.0,441.0,42457
1611792000,448.0,465.0,416.0,460.0,92822
1612051200,480.0,480.0,414.0,424.0,46058
1612137600,425.0,432.0,400.0,410.0,38690
1612224000,418.0,419.0,399.0,406.0,70717
1612310400,389.0,411.0,389.0,397.0,35383
1612396800,395.0,398.0,387.0,390.0,43432
1612656000,390.0,404.0,388.0,390.0,38322
1612742400,397.0,400.0,384.0,397.0,43187
1612828800,397.0,406.0,396.0,399.0,18489
1612915200,405.0,440.0,397.0,440.0,171740
1613001600,448.0,483.0,448.0,455.0,114732
1613260800,460.0,464.0,426.0,435.0,35171
1613347200,414.0,454.0,414.0,454.0,46133
1613433600,445.0,447.0,433.0,435.0,37484
1613520000,440.0,446.0,429.0,439.0,78023
1613606400,435.0,439.0,424.0,433.0,35225
1613865600,431.0,433.0,425.0,428.0,15797
1613952000,430.0,440.0,424.0,425.0,32494
1614038400,417.0,418.0,401.0,412.0,46087
1614124800,420.0,429.0,415.0,421.0,15125
1614211200,415.0,416.0,405.0,408.0,17668
1614470400,410.0,410.0,399.0,399.0,20717
1614556800,398.0,420.0,392.0,403.0,12101
1614643200,405.0,409.0,393.0,399.0,11626
1614729600,399.0,403.0,385.0,385.0,12670
1614816000,392.0,406.0,392.0,406.0,12519
1615161600,408.0,412.0,400.0,402.0,6220
1615248000,405.0,408.0,396.0,399.0,6126
1615334400,396.0,399.0,394.0,399.0,5940
1615680000,404.0,404.0,386.0,387.0,4562
1615766400,386.0,388.0,381.0,381.0,9964
1615852800,381.0,387.0,380.0,380.0,5286
1615939200,385.0,394.0,385.0,385.0,4720
1616025600,391.0,401.0,391.0,396.0,9727
1616284800,403.0,410.0,395.0,403.0,10974
1616371200,403.0,403.0,391.0,397.0,6765
1616457600,390.0,398.0,390.0,394.0,5657
1616544000,395.0,423.0,395.0,417.0,43590
1616630400,422.0,449.0,422.0,435.0,88764
1616976000,440.0,461.0,430.0,456.0,106911
1617062400,456.0,456.0,439.0,455.0,73263
1617148800,455.0,491.0,455.0,480.0,152327
1617235200,485.0,497.0,480.0,480.0,64915
1617494400,489.0,519.0,488.0,510.0,140960
1617580800,535.0,535.0,487.0,489.0,66205
1617667200,470.0,497.0,470.0,480.0,49624
1617753600,489.0,490.0,475.0,475.0,33963
1617840000,475.0,483.0,462.0,479.0,91160
1618185600,456.0,499.0,441.0,499.0,107686
1618272000,489.0,494.0,480.0,490.0,44520
1618444800,499.0,500.0,473.0,500.0,61572
1618704000,505.0,505.0,485.0,494.0,78687
1618790400,498.0,533.0,493.0,512.0,248397
1618876800,518.0,522.0,505.0,521.0,109143
1618963200,529.0,529.0,500.0,507.0,39620
1619049600,505.0,505.0,485.0,495.0,37980
1619308800,500.0,503.0,464.0,477.0,50898
1619395200,477.0,480.0,443.0,469.0,67792
1619481600,466.0,492.0,458.0,478.0,33755
1619568000,481.0,486.0,463.0,463.0,32409
1619654400,472.0,472.0,458.0,465.0,35691
1619913600,469.0,480.0,460.0,478.0,28166
1620000000,480.0,485.0,468.0,471.0,26973
1620086400,478.0,478.0,466.0,466.0,22019
1620172800,471.0,480.0,466.0,471.0,31519
1620259200,470.0,478.0,470.0,475.0,29467
1620518400,498.0,498.0,466.0,466.0,16652
1620604800,464.0,473.0,461.0,470.0,16405
1620691200,471.0,473.0,470.0,471.0,15406
1620777600,472.0,479.0,469.0,469.0,25346
1620864000,470.0,499.0,469.0,490.0,72163
1621123200,495.0,530.0,494.0,502.0,58273
1621209600,506.0,515.0,494.0,497.0,29192
1621296000,505.0,546.0,500.0,534.0,192445
1621382400,540.0,587.0,510.0,587.0,191023
1621468800,600.0,645.0,569.0,645.0,236547
1621728000,650.0,709.0,621.0,690.0,171043
1621814400,691.0,692.0,662.0,675.0,85966
1621900800,675.0,693.0,661.0,682.0,71024
1622073600,648.0,726.0,648.0,712.0,61389
1622332800,712.0,770.0,701.0,755.0,83222
1622419200,760.0,790.0,711.0,790.0,56643
1622505600,795.0,853.0,740.0,853.0,104723
1622592000,830.0,937.0,824.0,930.0,67998
1622678400,976.0,1020.0,925.0,1020.0,101405
1622937600,1015.0,1055.0,970.0,1055.0,112924
1623024000,1050.0,1160.0,1009.0,1160.0,147624
1623110400,1200.0,1276.0,1200.0,1276.0,35129
1623196800,1278.0,1403.0,1149.0,1389.0,80807
1623283200,1389.0,1444.0,1280.0,1330.0,50419
1623542400,1331.0,1400.0,1284.0,1330.0,85696
1623628800,1343.0,1417.0,1237.0,1379.0,82641
1623715200,1350.0,1432.0,1297.0,1432.0,70126
1623801600,1404.0,1404.0,1289.0,1289.0,40485
1623888000,1275.0,1314.0,1217.0,1256.0,33531
1624147200,1231.0,1358.0,1131.0,1324.0,75703
1624233600,1390.0,1390.0,1192.0,1260.0,84538
1624320000,1323.0,1323.0,1135.0,1240.0,32899
1624406400,1242.0,1242.0,1150.0,1190.0,21744
1624492800,1175.0,1198.0,1135.0,1166.0,42059
1624752000,1189.0,1189.0,1112.0,1115.0,21441
1624838400,1060.0,1150.0,1058.0,1093.0,59518
1624924800,1050.0,1113.0,1036.0,1063.0,36207
1625011200,1116.0,1138.0,995.0,1130.0,60790
1625097600,1100.0,1160.0,1100.0,1149.0,25288
1625356800,1130.0,1137.0,1086.0,1100.0,15007
1625443200,1100.0,1109.0,1028.0,1030.0,31124
1625529600,1015.0,1050.0,1000.0,1035.0,16357
1625616000,1050.0,1050.0,1002.0,1012.0,28766
1625702400,962.0,1047.0,962.0,1030.0,23322
1625961600,1050.0,1133.0,1050.0,1133.0,44522
1626048000,1189.0,1203.0,1093.0,1135.0,56040
1626134400,1180.0,1191.0,1112.0,1170.0,21936
1626220800,1220.0,1220.0,1151.0,1180.0,250644
1626307200,1230.0,1269.0,1175.0,1250.0,303780
1626566400,1275.0,1300.0,1230.0,1251.0,56783
1626652800,1276.0,1276.0,1206.0,1206.0,29888
1626739200,1205.0,1221.0,1175.0,1175.0,18151
1626912000,1162.0,1193.0,1155.0,1182.0,20618
1627171200,1205.0,1205.6,1162.0,1162.0,14722
1627257600,1180.0,1250.0,1165.0,1220.0,28513
1627344000,1195.6,1215.0,1171.7,1200.0,16390
1627430400,1224.0,1224.0,1200.0,1201.0,16420
1627516800,1205.0,1210.0,1170.0,1170.0,14186
1627776000,1193.0,1193.4,1148.0,1157.0,31568
1627862400,1156.0,1205.0,1147.0,1148.0,15908
1627948800,1156.0,1160.0,1127.0,1153.0,16244
1628035200,1176.0,1176.0,1145.0,1155.0,19786
1628121600,1156.0,1178.1,1130.0,1140.0,26573
1628380800,1162.0,1208.0,1130.0,1135.0,17084
1628467200,1134.0,1156.0,1115.0,1152.0,21790
1628553600,1162.0,1248.4,1160.0,1233.0,59374
1628640000,1257.0,1260.0,1193.0,1194.0,37030
1628726400,1214.0,1214.0,1167.0,1194.0,27102
1628985600,1170.2,1175.0,1105.5,1150.0,32421
1629072000,1127.0,1130.0,1104.6,1113.0,27939
1629158400,1135.2,1224.3,1090.5,1224.3,119501
1629244800,1248.7,1315.0,1248.0,1299.0,92530
1629331200,1324.9,1336.0,1273.0,1282.0,55506
1629763200,1257.0,1410.2,1256.0,1410.2,182096
1629849600,1438.4,1500.0,1420.0,1443.0,86760
1629936000,1471.8,1471.8,1374.0,1411.0,88416
1630195200,1383.0,1408.0,1330.0,1330.0,47079
1630368000,1330.0,1330.0,1200.5,1268.0,55233
1630454400,1242.7,1310.0,1240.0,1240.0,30814
1630540800,1254.0,1279.8,1180.0,1186.0,61135
1630800000,1165.0,1186.0,1067.4,1100.0,40795
1630886400,1100.0,1210.0,1060.0,1210.0,41981
1630972800,1185.8,1251.5,1159.0,1185.0,26098
1631059200,1165.0,1173.0,1121.7,1136.0,72033
1631145600,1130.0,1180.0,1104.5,1104.5,15840
1631404800,1100.0,1146.0,1100.0,1136.0,14369
1631491200,1158.0,1187.0,1120.0,1130.0,13683
1631577600,1152.6,1170.0,1100.0,1110.0,12502
1631664000,1106.0,1122.0,1050.0,1050.0,23608
1631750400,1050.1,1051.0,980.0,1015.0,38518
1632096000,999.0,1035.3,941.0,970.2,21064
1632182400,960.0,1000.0,875.0,945.0,33749
1632268800,950.0,1019.0,950.0,1018.0,18755
1632355200,1038.3,1080.0,995.0,1018.7,29247
1632614400,999.0,1035.0,965.0,967.0,17289
1632700800,986.0,1025.8,893.0,1025.8,62944
1632787200,1005.3,1010.0,923.3,923.3,26328
1632873600,920.0,933.9,879.1,907.5,14202
1632960000,925.0,925.6,880.0,880.0,8769
1633219200,864.4,897.0,799.7,824.9,20671
1633305600,841.3,841.3,765.1,804.0,14573
1633392000,820.0,836.0,802.0,815.0,12045
1633478400,831.0,879.0,814.0,876.0,14226
1633824000,893.0,910.0,860.0,880.0,9521
1633910400,880.0,880.0,838.1,849.9,7827
1634428800,866.0,875.0,841.0,860.0,4223
1634515200,850.0,877.0,810.0,830.0,14379
1634601600,827.0,827.0,748.1,773.0,9844
1634688000,783.1,831.0,770.0,831.0,11048
1634774400,847.0,847.0,790.0,824.0,10635
1635033600,824.0,849.0,798.7,849.0,11203
1635120000,833.0,933.9,833.0,933.9,37960
1635206400,952.5,1008.0,916.0,1000.0,18649
1635292800,1020.0,1020.0,950.0,989.0,14131
1635379200,977.0,1007.1,967.0,984.9,11223
1635638400,994.0,1020.0,969.0,1015.0,12251
1635724800,1035.0,1035.0,970.0,972.0,20472
1635811200,952.6,990.0,929.0,960.0,16340
1635897600,945.0,958.0,930.0,937.0,12575
1636329600,948.0,955.0,901.0,925.0,6690
1636416000,911.0,943.5,870.0,877.1,37197
1636588800,865.0,872.1,819.3,830.0,14336
1636848000,820.0,850.0,820.0,834.0,5475
1636934400,850.6,867.0,840.0,840.0,6564
1637020800,840.0,885.0,840.0,870.1,7710
1637107200,887.5,957.1,882.0,928.0,16084
1637193600,930.0,945.0,890.0,895.0,6525
1637452800,895.0,895.0,871.0,880.0,4855
1637539200,880.0,912.0,860.5,880.0,4317
1637625600,880.0,897.0,835.0,864.0,3244
1637712000,850.0,869.0,828.1,842.0,4028
1637798400,858.8,869.0,835.0,835.0,7836
1638057600,820.0,850.0,802.1,815.0,6604
1638144000,831.3,831.3,795.0,795.0,4081
1638230400,810.0,826.0,779.0,794.0,9953
1638316800,805.0,809.7,796.1,809.7,3746
1638403200,801.0,801.0,765.0,783.0,6937
1638662400,768.0,780.0,741.0,743.1,9232
1638748800,730.0,764.9,717.0,764.9,10728
1638835200,779.9,780.1,740.0,754.0,5083
1638921600,739.0,766.0,730.0,730.0,6003
1639008000,716.0,744.6,716.0,725.1,4406
1639267200,739.0,739.0,705.0,705.1,8006
1639353600,705.0,771.9,651.8,771.9,11904
1639440000,756.5,849.0,716.0,849.0,21798
1639526400,855.0,892.5,820.0,888.0,46028
1639612800,870.3,923.0,835.9,923.0,21893
1639958400,904.6,1015.3,830.7,1015.3,227143
1640044800,995.0,995.0,913.8,925.0,47236
1640131200,925.0,925.0,832.5,905.0,155215
1640217600,886.9,886.9,814.5,844.0,251438
1640476800,844.0,844.0,764.0,797.0,99892
1640563200,797.0,876.7,755.7,876.7,129355
1640649600,859.2,859.2,789.1,789.1,71664
1640736000,775.0,822.0,760.0,822.0,149319
1641081600,806.0,806.0,774.2,779.9,73992
1641168000,765.9,781.0,765.9,770.0,123885
1641254400,775.0,785.0,755.0,769.9,68245
1641340800,772.0,780.0,755.0,769.9,69772
1641427200,760.0,784.0,760.0,765.0,58544
1641686400,755.0,786.0,755.0,774.0,203109
1641772800,784.9,831.0,777.0,829.0,278555
1641859200,845.5,903.0,836.0,894.0,186950
1641945600,911.0,913.0,860.0,864.0,198759
1642032000,864.0,891.0,848.0,878.0,136775
1642291200,895.4,913.3,877.0,880.0,219131
1642377600,881.0,897.0,870.1,875.0,86513
1642464000,876.0,889.0,842.8,845.0,88989
1642550400,850.0,857.0,817.1,834.9,87342
1642636800,822.0,874.9,819.0,870.0,78994
1642896000,852.6,852.6,787.0,825.9,178234
1642982400,810.0,838.4,772.0,838.4,135460
1643068800,821.7,821.7,775.0,800.0,69229
1643155200,816.0,816.0,771.0,781.0,117091
1643241600,794.0,795.0,775.1,779.0,27530
1643500800,794.5,819.0,794.4,810.0,40043
1643587200,820.0,820.0,780.0,793.2,27201
1643673600,782.0,805.0,781.0,802.0,43851
1643846400,803.1,816.0,775.0,778.0,63408
1644105600,778.0,778.0,764.0,773.8,42550
1644192000,765.2,785.0,764.0,770.0,44694
1644278400,785.4,809.0,763.0,763.0,37191
1644364800,768.0,770.0,745.0,758.0,43000
1644451200,755.0,771.0,748.0,757.2,38816
1644710400,757.0,757.0,715.1,719.0,47217
1644796800,731.9,735.0,709.0,710.0,40418
1644883200,709.0,724.2,700.0,720.0,60306
1644969600,720.0,725.0,695.0,702.0,75085
1645056000,707.9,715.0,694.0,696.0,42404
1645315200,683.0,686.0,670.0,671.0,33217
1645401600,682.2,710.0,670.0,691.0,47132
1645488000,704.8,725.0,691.0,717.0,86373
1645574400,725.0,727.0,695.0,695.0,66846
1645660800,695.0,696.0,675.0,677.0,34796
1645920000,677.0,690.0,670.0,676.0,25963
1646006400,676.0,695.0,657.6,658.0,21638
1646179200,650.0,665.0,624.0,625.0,34512
1646524800,635.0,650.0,607.6,614.0,25125
1646611200,613.0,622.2,595.0,595.0,19613
1646784000,595.0,613.0,570.1,578.4,23667
1646870400,575.0,613.9,565.5,611.0,28287
1647129600,622.9,645.0,615.0,644.8,37248
1647216000,646.0,650.0,625.0,648.0,15534
1647302400,647.9,688.5,639.0,678.0,75891
1647388800,689.0,689.0,659.0,670.0,22757
1647734400,660.0,697.0,643.0,655.1,35100
1647820800,656.0,673.0,635.2,670.0,53873
1647907200,683.0,683.0,660.1,660.1,14940
1647993600,664.0,664.0,638.0,655.0,35500
1648080000,645.0,650.0,635.0,635.0,39643
1648339200,635.0,635.0,606.0,610.0,31790
1648425600,610.0,622.0,595.0,597.0,23032
1648512000,597.0,612.0,587.2,595.0,18446
1648598400,591.0,610.0,585.2,610.0,16188
1648684800,613.5,613.6,585.0,586.0,21104
1648944000,587.0,594.0,570.1,573.0,17653
1649030400,583.9,583.9,567.0,570.0,11571
1649116800,566.0,566.0,545.0,548.0,32558
1649203200,545.0,554.0,531.0,531.0,16334
1649289600,532.0,548.0,527.0,538.1,19634
1649635200,548.8,558.0,520.6,520.6,20803
1649721600,521.0,521.0,500.0,503.0,24075
1649808000,511.0,512.7,489.3,500.0,21591
1650153600,510.0,518.0,485.1,488.0,16023
1650240000,480.2,482.0,469.5,469.5,20536
1650326400,464.0,481.9,451.0,468.0,18013
1650412800,460.6,468.0,441.2,441.2,18731
1650499200,433.0,454.0,416.0,440.0,32039
1650758400,448.7,483.9,438.0,482.0,38033
1650844800,482.0,490.0,461.1,461.1,26446
1650931200,470.3,475.0,456.0,461.0,18022
1651017600,470.2,472.0,451.8,464.0,8773
1651104000,473.2,473.2,450.0,450.0,16859
1651449600,450.0,450.0,425.0,426.0,12548
1651622400,434.5,434.5,415.0,427.0,17910
1651708800,418.6,424.0,410.6,411.3,16849
1651968000,411.3,427.3,403.1,427.3,18226
1652054400,435.8,435.8,419.0,421.0,18091
1652140800,429.3,435.0,423.0,433.0,15551
1652227200,439.9,452.0,428.0,452.0,35407
1652313600,455.0,470.0,444.0,452.0,29571
1652745600,444.0,450.9,421.0,425.0,16459
1652832000,420.0,430.0,405.1,425.0,10804
1652918400,425.0,434.0,415.0,420.0,9390
1653004800,420.0,426.9,415.0,415.2,5851
1653264000,415.2,419.0,407.1,408.0,14485
1653350400,416.1,424.4,406.0,419.0,8690
1653436800,419.5,426.9,417.0,421.9,6496
1653523200,425.0,427.0,419.0,423.9,4654
1653609600,420.1,428.5,411.6,413.0,22384
1653868800,411.0,416.0,402.0,405.0,6130
1653955200,400.0,410.0,396.0,402.9,15999
1654041600,408.0,408.0,399.9,405.0,7367
1654128000,412.8,412.9,399.1,399.1,11255
1654214400,397.0,400.0,393.0,396.9,10639
1654473600,404.8,412.8,392.0,399.0,17177
1654560000,392.1,400.0,376.0,381.0,28306
1654646400,375.0,411.0,373.5,409.9,18076
1654732800,416.0,416.0,389.0,395.0,25644
1654819200,402.9,402.9,382.2,385.0,15505
1655078400,382.1,399.0,381.3,386.0,8712
1655164800,393.0,393.0,376.0,382.9,9619
1655251200,378.2,384.5,365.0,380.0,19339
1655337600,379.1,403.3,375.0,384.0,8750
1655424000,384.0,391.5,380.0,380.0,4159
1655596800,378.0,385.0,369.1,371.5,9110
1655683200,365.0,372.0,357.0,372.0,17412
1655769600,372.0,400.5,371.0,386.0,16138
1655856000,382.0,389.9,365.1,379.9,14561
1655942400,375.0,387.4,361.7,387.4,19301
1656028800,388.9,394.0,365.2,385.5,12760
1656201600,392.8,416.0,385.0,415.9,45743
1656288000,424.2,427.9,400.2,403.3,43045
1656374400,396.0,411.0,395.2,406.0,19675
1656460800,403.0,423.3,402.0,422.0,16273
1656547200,430.0,452.0,416.0,451.9,46640
1656633600,451.9,465.0,428.0,450.0,22768
1656806400,441.0,477.0,441.0,476.0,39346
1656892800,484.0,520.0,461.0,489.0,84727
1656979200,479.3,505.0,464.0,474.0,71699
1657065600,465.0,510.0,447.0,490.0,242110
1657152000,499.8,512.2,491.0,492.0,93353
1657238400,485.1,497.0,480.1,480.1,34579
1657497600,479.0,479.0,445.0,446.0,49460
1657584000,440.0,460.0,439.0,444.0,170377
1657670400,452.0,472.9,443.0,470.0,60360
1657756800,479.0,487.0,455.1,480.0,48063
1657843200,489.0,489.0,465.0,473.0,32351
1658016000,470.0,484.0,467.1,484.0,33509
1658102400,493.0,503.0,466.1,499.8,89767
1658188800,509.0,523.0,490.0,519.0,103579
1658275200,525.0,543.0,516.0,537.0,98285
1658361600,547.7,547.7,523.0,529.9,66965
1658448000,525.0,529.0,508.0,509.9,96088
1658620800,511.0,542.0,506.1,542.0,77567
1658707200,552.8,596.2,535.0,596.0,150769
1658793600,607.9,625.0,583.0,610.0,125690
1658880000,610.0,640.0,588.0,636.0,144099
1658966400,647.0,689.9,634.1,670.1,157585
1659052800,670.0,709.5,657.0,698.7,86902
1659225600,700.0,715.0,676.0,690.0,134691
1659312000,676.2,693.5,665.1,679.0,127210
1659398400,688.0,690.0,667.0,678.0,64324
1659484800,691.5,692.0,667.5,669.0,56435
1659571200,661.0,679.0,639.0,641.0,115174
1659657600,635.0,640.0,612.5,630.0,87637
1659830400,642.4,642.4,606.1,637.0,66150
1659916800,649.7,655.0,627.3,632.1,50913
1660003200,625.0,632.0,605.0,607.0,49587
1660089600,600.0,611.9,590.0,590.0,31106
1660176000,600.0,624.0,560.0,571.0,67318
1660435200,560.0,582.4,543.9,548.0,31581
1660521600,540.2,599.9,540.2,599.0,61733
1660608000,610.9,620.0,577.0,580.0,59571
1660694400,572.0,596.0,570.3,579.0,36230
1660780800,568.0,600.0,568.0,594.7,34876
1661040000,583.0,618.0,583.0,597.9,38259
1661126400,586.0,598.7,580.0,597.0,34552
1661212800,608.0,608.0,576.5,593.0,17180
1661299200,604.8,604.8,575.0,579.0,31866
1661385600,590.5,593.0,563.0,566.9,29836
1661472000,567.0,567.0,545.3,546.2,43108
1661644800,535.3,556.0,520.1,522.0,38821
1661731200,529.9,550.0,519.1,535.9,32200
1661817600,542.9,549.9,534.0,538.6,29663
1661904000,542.9,545.8,520.0,526.0,15027
1661990400,517.2,540.2,513.0,534.5,22298
1662076800,524.0,549.0,524.0,530.0,13830
1662249600,540.5,543.0,520.0,533.0,20054
1662336000,523.0,538.0,523.0,525.1,9656
1662422400,535.5,545.0,515.0,518.0,26711
1662508800,528.0,528.0,510.2,517.9,12186
1662595200,515.5,533.6,510.0,527.1,31984
1662854400,529.0,531.0,514.5,514.5,20303
1662940800,511.1,521.0,506.1,518.9,16153
1663027200,515.0,533.0,515.0,531.0,24254
1663113600,539.0,575.0,528.3,572.0,81868
1663200000,561.0,583.0,533.4,544.0,77582
1663286400,554.8,554.8,502.3,530.0,36447
1663459200,540.6,540.6,515.0,518.0,32369
1663632000,508.0,519.0,488.1,499.9,45341
1663718400,509.8,519.9,498.0,500.0,34875
1663804800,491.0,509.0,491.0,496.0,13753
1664064000,487.5,497.0,474.4,481.0,16408
1664236800,472.0,499.0,472.0,489.0,12102
1664323200,497.0,497.0,479.0,479.9,3776
1664409600,487.0,487.0,470.4,473.0,13380
1665273600,482.0,510.0,477.0,507.0,32901
1665360000,508.0,509.0,485.0,493.0,18117
1665446400,502.8,502.8,478.0,490.1,4877
1665532800,481.0,512.0,481.0,507.0,35878
1665619200,500.0,524.9,500.0,519.9,52396
1665878400,521.0,528.0,500.0,500.0,17589
1665964800,500.0,508.0,493.0,493.0,16784
1666137600,500.0,510.0,478.3,478.3,21859
1666224000,474.0,498.0,474.0,483.0,12383
1666483200,492.5,494.9,483.1,489.9,4781
1667174400,499.6,509.0,492.0,500.0,17181
1667260800,510.0,535.0,499.8,530.0,47531
1667347200,535.0,560.0,521.0,543.0,72775
1667433600,533.1,555.9,533.1,538.0,40680
1667692800,547.0,565.0,527.4,565.0,48345
1667779200,555.0,584.4,555.0,559.0,90013
1667865600,550.0,576.0,550.0,562.0,44967
1667952000,570.0,575.0,524.0,529.0,62261
1668038400,525.1,540.6,509.0,510.0,52172
1668297600,512.0,527.0,505.0,526.0,20635
1668384000,519.0,548.0,512.1,540.0,46888
1668470400,550.8,556.0,523.1,525.2,57790
1668556800,535.0,543.6,524.3,540.0,14317
1668643200,535.5,555.0,535.5,541.1,57413
1669075200,550.0,552.0,531.1,532.2,31112
1669161600,527.0,542.0,526.0,533.0,25480
1669248000,522.4,545.0,522.4,544.0,36918
1669507200,538.0,554.8,538.0,551.0,47139
1669593600,551.0,566.0,540.0,542.0,31995
1669680000,540.0,554.0,535.0,548.0,25161
1669766400,540.1,553.7,540.1,546.0,26458
1669852800,545.0,556.5,542.0,545.0,38506
1670112000,548.9,553.0,538.1,540.5,21946
1670198400,546.0,546.5,525.0,526.8,24509
1670284800,522.3,535.0,522.3,529.9,28331
1670371200,521.5,537.9,517.0,524.0,24224
1670716800,529.0,529.0,509.6,510.0,21137
1670803200,518.0,525.0,510.0,524.0,20793
1670889600,513.6,530.0,513.6,518.0,15004
1670976000,528.3,528.3,514.0,522.0,14544
1671062400,511.7,521.0,509.0,515.0,13126
1671321600,510.0,513.9,497.0,500.0,27737
1671408000,510.0,520.0,499.5,504.9,9243
1671494400,502.0,517.0,500.0,500.0,21982
1671580800,495.0,510.0,495.0,501.0,15080
1671667200,495.0,496.9,490.0,490.0,14198
1672012800,499.8,539.0,499.8,539.0,54093
1672099200,540.0,575.0,540.0,567.1,140067
1672185600,568.0,578.4,550.0,559.0,61958
1672272000,550.1,588.0,550.0,588.0,91656
1672531200,595.0,607.0,566.0,589.0,84675
1672617600,577.3,598.9,571.0,590.0,104912
1672704000,600.0,600.0,571.1,575.0,76098
1672790400,566.1,600.0,566.1,599.0,56765
1672876800,603.0,609.0,585.0,595.0,113485
1673136000,606.9,630.0,588.0,624.9,130070
1673222400,613.0,633.5,612.0,629.0,86526
1673308800,620.0,652.0,588.1,603.0,100303
1673481600,615.0,639.0,577.0,579.9,124391
1673913600,579.9,608.0,571.0,600.9,65927
1674000000,590.0,613.0,586.0,599.8,53880
1674086400,611.0,611.0,583.1,586.0,28597
1674432000,597.7,620.0,583.1,585.0,51017
1674518400,585.0,595.0,572.0,593.1,47974
1674604800,582.5,617.0,582.5,605.0,59765
1674691200,616.8,616.8,593.0,600.0,27158
1674950400,588.8,598.0,581.0,583.0,34963
1675036800,579.0,583.0,566.5,568.1,40078
1675123200,561.2,571.0,555.0,564.9,47531
1675209600,576.0,576.0,554.0,563.0,40373
1675296000,574.0,574.0,542.0,549.0,44308
1675555200,551.0,558.0,540.0,557.0,25202
1675641600,550.0,560.9,545.0,547.0,51064
1675728000,540.0,575.0,540.0,575.0,45918
1675814400,586.0,589.0,562.0,569.0,30842
1675900800,560.0,580.0,560.0,569.0,17362
1676160000,557.7,560.0,545.0,546.5,29764
1676332800,540.0,549.0,535.7,541.0,15462
1676419200,545.0,548.7,530.0,532.0,21196
1676505600,540.0,540.0,522.0,528.0,18913
1676851200,528.0,531.0,515.0,517.2,15416
1677024000,527.5,540.0,518.5,539.0,21221
1677110400,540.0,540.0,518.4,522.8,35854
1677369600,512.4,540.0,496.0,540.0,37744
1677456000,549.0,549.0,513.0,520.0,27878
1677542400,530.4,530.4,517.6,529.9,10481
1677628800,520.0,525.0,515.0,518.9,14657
1677715200,509.0,515.0,506.1,507.0,26082
1677974400,510.0,513.0,495.0,495.1,17842
1678147200,505.0,510.0,498.0,504.9,11037
1678320000,510.0,530.0,510.0,525.0,21931
1678579200,535.5,535.5,511.1,512.9,17964
1678665600,517.2,517.2,506.0,510.1,11477
1678752000,508.0,520.0,508.0,517.0,11296
1678838400,512.0,515.0,505.0,507.0,10058
1678924800,517.0,517.0,506.0,510.0,7018
1679184000,500.1,513.0,500.1,509.5,5097
1679270400,503.0,519.1,503.0,517.9,6857
1679443200,513.0,522.0,506.5,506.5,9522
1679529600,506.1,510.0,500.0,504.0,9030
1679788800,510.0,510.9,496.0,496.0,9841
1679875200,500.0,508.0,490.1,508.0,12656
1679961600,511.0,519.8,506.5,510.0,7385
1680048000,509.0,510.0,503.2,506.0,6312
1680134400,510.0,514.0,500.0,502.0,8599
1680393600,502.0,512.0,494.0,494.0,10181
1680480000,491.0,495.0,490.0,495.0,10712
1680566400,493.0,500.0,488.0,494.0,6385
1680652800,495.0,499.0,488.0,496.0,2634
1680739200,496.1,496.1,481.5,485.0,5870
1680998400,480.0,487.0,473.1,480.0,8240
1681084800,485.0,488.0,470.4,483.0,8578
1681171200,485.0,494.0,485.0,494.0,3903
1681257600,503.0,525.0,500.0,524.8,18641
1681344000,525.0,530.0,499.8,514.1,17996
1681603200,514.5,514.5,502.1,509.0,5748
1681689600,518.5,518.5,500.0,500.0,9606
1681776000,497.0,501.0,486.2,489.0,16321
1681862400,490.0,499.0,480.0,493.0,6148
1681948800,484.0,510.0,484.0,490.0,7384
1682208000,483.1,494.0,482.1,483.1,6197
1682294400,482.0,495.0,482.0,487.2,4888
1682380800,480.0,498.0,480.0,493.9,1756
1682467200,503.0,503.7,488.0,492.9,6527
1682553600,485.0,494.0,480.1,480.1,9087
1682812800,481.1,489.7,478.1,480.0,6705
1682985600,489.0,489.0,476.0,477.0,5571
1683072000,471.0,487.0,471.0,482.0,3871
1683158400,475.0,491.0,475.0,485.9,4275
1683417600,476.2,487.0,471.1,480.0,4629
1683504000,471.1,480.0,467.0,474.0,6159
1683590400,465.0,483.0,465.0,480.0,5394
1683676800,475.0,483.5,474.5,480.0,5106
1683763200,472.0,484.0,471.0,473.5,3100
1684022400,470.1,480.0,465.0,465.2,5466
1684108800,474.0,474.0,454.0,463.9,6294
1684195200,456.0,467.8,456.0,467.8,4321
1684281600,461.1,482.9,461.1,479.9,8394
1684368000,470.4,500.0,470.4,499.9,10650
1684627200,500.0,505.0,481.0,485.0,14786
1684713600,485.0,498.0,478.0,489.9,9946
1684800000,480.2,519.0,480.2,518.9,30913
1684886400,520.0,520.0,508.1,519.0,16330
1685232000,518.0,525.0,497.0,510.0,26963
1685404800,499.8,505.0,486.2,493.0,25477
1685491200,483.2,508.0,470.1,480.0,21276
1685577600,488.0,490.0,473.0,481.0,15987
1685836800,490.6,508.0,490.6,503.7,12844
1685923200,505.0,530.0,487.0,530.0,27897
1686009600,525.0,529.0,496.6,517.0,50896
1686096000,506.7,527.0,505.0,505.0,12259
1686182400,494.9,510.0,494.9,501.0,15799
1686441600,510.0,533.8,506.0,520.0,59953
1686528000,529.7,539.0,511.3,521.5,30058
1686614400,523.0,545.0,512.6,540.0,35280
1686700800,549.0,549.0,519.4,535.0,49758
1686787200,525.0,532.0,515.0,527.0,33068
1687046400,537.5,538.5,525.0,533.9,41629
1687132800,544.5,569.0,526.0,564.0,89959
1687219200,565.0,580.0,548.0,560.0,80806
1687305600,550.0,560.0,537.2,542.0,53295
1687392000,544.0,547.0,532.0,535.0,19787
1687651200,539.0,563.0,530.0,557.0,69557
1687737600,568.1,579.0,565.0,573.0,77600
1687824000,584.4,605.0,571.4,600.0,65035
1687910400,604.0,608.8,579.0,579.0,106695
1688256000,590.5,590.5,562.0,564.9,49579
1688342400,564.9,572.0,554.0,558.9,37661
1688428800,570.0,570.0,552.0,565.0,19737
1688515200,560.0,572.0,550.0,555.0,27342
1688601600,545.0,568.0,545.0,552.0,21101
1688860800,562.0,575.0,556.0,568.0,17122
1688947200,562.0,584.0,562.0,572.1,27527
1689033600,573.0,598.0,561.0,580.0,45549
1689120000,591.6,600.0,567.0,572.0,39641
1689206400,583.4,590.0,554.7,564.9,31405
1689465600,555.0,575.0,549.0,560.0,45240
1689552000,554.0,580.0,554.0,578.0,23126
1689638400,589.0,589.0,567.0,579.5,21112
1689724800,568.0,582.0,567.4,570.0,23498
1689811200,561.1,570.0,561.1,566.0,15024
1690070400,558.0,578.0,555.1,572.0,34490
1690156800,564.2,580.0,553.0,558.0,38204
1690243200,550.1,565.0,546.1,553.0,20744
1690329600,547.0,562.9,547.0,549.0,14837
1690416000,551.0,557.0,535.0,535.0,18392
1690675200,526.0,542.0,520.0,520.0,24619
1690761600,512.1,543.3,512.1,526.0,20881
1690848000,536.0,539.9,509.6,510.3,11288
1690934400,520.5,529.0,511.1,529.0,17252
1691020800,538.0,568.0,523.0,523.1,21882
1691280000,533.0,549.0,522.2,534.0,27405
1691366400,523.5,586.7,523.5,586.0,34800
1691452800,574.3,574.3,537.7,537.7,50075
1691539200,527.1,558.9,527.1,557.0,20236
1691625600,546.0,564.0,537.0,550.0,18576
1691884800,539.0,580.0,539.0,560.0,33899
1691971200,548.8,561.5,540.0,557.0,20371
1692057600,545.9,550.0,537.0,547.0,13492
1692144000,536.2,541.0,526.5,540.0,24082
1692230400,530.1,547.0,530.0,545.0,23576
1692489600,555.0,555.0,530.3,540.0,6198
1692576000,529.2,550.0,527.1,528.0,8189
1692662400,522.0,540.0,522.0,540.0,10611
1692748800,529.2,552.0,529.2,548.0,10552
1692835200,558.9,558.9,527.0,532.0,9978
1693094400,532.0,532.0,523.2,530.0,7319
1693180800,520.0,535.5,520.0,530.0,5838
1693267200,525.0,530.0,523.0,526.9,1791
1693353600,525.0,527.0,522.1,526.0,5345
1693699200,520.0,533.9,515.7,517.0,8618
1693785600,511.0,525.0,511.0,525.0,8350
1693872000,515.5,530.0,512.0,512.0,3920
1694044800,522.0,522.0,498.1,500.0,10592
1694304000,501.0,507.9,497.0,500.0,5453
1694390400,492.7,517.0,492.7,515.0,16284
1694476800,505.0,516.1,504.0,505.0,8572
1694563200,500.1,520.0,500.1,519.0,8401
1694908800,508.9,520.1,502.0,504.0,7338
1694995200,495.1,513.0,495.1,513.0,3461
1695081600,502.8,524.3,493.0,524.2,11806
1695254400,524.2,554.8,515.0,550.0,36474
1695513600,539.0,552.0,528.3,552.0,21076
1695600000,541.0,600.0,519.6,560.0,39104
1695686400,548.8,560.0,548.8,555.0,8402
1695772800,544.0,577.4,536.0,540.0,25458
1696118400,535.1,545.0,530.0,537.9,9207
1696204800,527.5,553.8,517.0,544.0,17381
1696291200,533.2,560.0,522.6,529.0,8931
1696377600,539.5,547.0,531.1,543.9,5737
1696464000,533.3,543.0,523.0,538.8,6014
1696723200,544.0,544.0,515.0,524.0,36418
1696809600,515.0,525.3,506.0,517.8,22466
1696896000,508.0,518.0,508.0,510.0,4423
1696982400,500.0,519.8,500.0,512.0,14297
1697068800,503.0,515.0,503.0,509.4,8120
1697414400,500.1,510.1,499.0,505.0,10791
1697500800,500.0,519.0,495.1,517.0,9538
1697587200,506.7,522.0,496.6,522.0,11951
1697673600,511.6,520.0,481.6,516.8,17302
1698537600,510.0,510.0,496.1,499.8,5764
1698624000,490.0,509.0,490.0,508.0,5534
1698710400,504.0,510.9,502.0,504.0,1696
1698796800,495.0,504.9,495.0,503.9,2901
1698883200,498.0,502.8,495.0,500.0,2662
1699142400,490.0,500.0,490.0,496.0,6046
1699228800,487.0,510.0,487.0,507.0,8035
1699315200,510.0,511.9,497.0,510.0,10475
1699401600,500.0,516.0,500.0,508.6,8921
1699488000,500.0,505.2,500.0,505.2,4767
1700438400,496.0,508.0,496.0,503.0,3941
1700524800,493.5,500.0,490.1,497.0,13744
1700611200,488.0,506.9,488.0,503.0,10609
1700697600,493.0,510.0,484.0,500.2,7916
1700956800,492.1,542.0,492.1,521.4,24174
1701043200,511.0,562.0,511.0,516.0,23862
1701129600,505.7,529.0,505.7,525.8,7240
1701216000,525.8,534.3,510.0,519.5,6676
1701302400,509.2,518.0,499.8,505.0,20351
1701561600,494.9,510.0,494.9,510.0,6749
1701648000,499.8,520.0,499.8,513.9,6974
1701734400,503.7,519.7,500.0,506.9,10023
1701820800,496.8,509.6,496.8,501.9,17005
1701907200,491.9,515.0,491.9,505.0,16147
1702166400,514.9,555.0,505.0,550.0,2040
1702252800,561.0,561.0,520.0,534.0,31012
1702339200,544.6,544.6,515.5,535.0,17291
1702425600,544.9,550.0,527.0,534.3,34106
1702512000,523.7,537.9,523.7,528.9,11375
1702771200,521.1,542.0,515.3,538.0,22979
1702857600,535.0,569.1,535.0,555.0,91706
1702944000,566.1,570.0,546.2,560.2,41685
1703030400,571.0,580.0,557.0,573.8,37255
1703116800,585.0,585.0,551.2,555.0,28241
1703376000,545.0,577.0,543.0,543.0,31533
1703635200,553.8,564.8,536.0,547.1,25129
1703721600,542.1,554.0,540.0,545.0,15608
1704067200,536.0,557.0,536.0,548.0,32321
1704153600,543.0,548.8,536.0,545.0,12650
1704240000,534.1,550.0,523.5,548.0,15056
1704326400,537.1,553.0,534.0,534.0,20013
1704585600,525.0,540.0,522.4,525.0,18700
1704672000,516.0,536.6,516.0,527.0,13690
1704758400,537.5,547.0,536.1,543.0,20627
1704844800,550.0,564.0,545.5,549.0,57002
1704931200,540.1,558.4,540.1,546.0,15426
1705190400,550.0,564.0,550.0,557.5,18271
1705363200,565.0,598.0,565.0,591.0,89109
1705449600,595.0,611.0,570.0,574.0,93494
1705536000,563.0,582.0,563.0,573.0,38463
1705795200,563.1,584.0,560.0,569.1,43304
1705881600,560.0,571.0,555.0,558.0,38087
1705968000,550.0,569.0,550.0,560.0,17756
1706054400,554.0,571.1,554.0,558.9,20287
1706140800,547.8,575.0,547.8,559.0,22132
1706400000,563.9,563.9,555.1,560.0,5549
1706486400,566.0,577.0,557.0,562.2,18328
1706572800,557.0,573.0,557.0,563.6,9331
1706659200,555.1,574.0,553.0,553.5,17519
1706745600,551.2,565.0,548.1,548.6,33671
1707004800,540.5,563.0,540.5,557.9,14486
1707091200,549.4,566.0,549.4,560.0,20859
1707177600,550.1,570.0,550.1,569.0,16740
1707264000,562.0,573.0,558.0,566.0,17875
1707350400,558.0,569.0,558.0,565.0,13808
1707609600,574.0,576.0,560.0,560.0,6907
1707696000,565.0,571.0,565.0,570.0,21952
1707782400,565.0,574.9,560.0,565.0,32650
1707868800,562.1,619.0,562.0,606.0,208840
1707955200,609.0,615.0,580.1,584.0,56571
1708214400,578.2,581.0,567.3,570.0,34801
1708387200,558.6,581.0,558.6,573.0,28511
1708473600,562.0,590.5,562.0,589.0,39680
1708560000,577.3,647.9,577.3,619.9,225994
1708819200,620.0,668.3,620.0,651.9,165634
1708905600,664.9,664.9,615.0,617.0,99486
1708992000,621.2,636.4,610.0,628.0,49522
1709078400,628.0,628.0,614.0,614.0,36112
1709164800,618.0,619.9,580.0,583.0,57875
1709424000,575.0,595.0,575.0,580.1,23695
1709510400,591.7,627.3,591.7,624.0,1300
1709596800,625.0,625.0,596.0,618.0,92213
1709683200,605.9,668.0,585.0,668.0,99214
1709769600,670.0,670.0,643.0,654.0,120326
1710028800,654.0,674.0,645.0,671.0,101983
1710201600,684.4,713.8,662.0,702.0,134207
1710288000,713.0,767.0,695.0,755.0,190425
1710374400,755.0,830.0,728.0,750.0,168293
1710633600,750.0,785.0,750.0,785.0,136140
1710720000,800.0,863.5,775.1,863.5,292380
1710806400,846.3,930.0,783.1,860.0,190766
1710892800,850.0,946.0,820.5,946.0,139705
1710979200,927.1,927.1,852.0,855.0,327548
1711324800,837.9,922.7,790.0,872.0,343485
1711411200,854.6,878.0,838.1,878.0,93160
1711497600,860.6,870.0,820.1,858.0,69174
1711584000,840.9,890.0,833.0,880.0,186907
1711843200,881.0,888.0,860.2,879.0,144150
1711929600,861.5,877.0,855.0,869.9,115371
1712016000,853.0,904.0,850.0,880.0,173197
1712102400,862.4,877.0,845.3,869.9,136836
1712188800,853.0,930.2,846.0,854.9,270698
1712448000,854.9,885.3,854.9,884.0,220985
1712620800,901.5,901.5,850.0,852.0,186879
1712707200,835.0,854.8,812.2,816.0,133529
1713052800,799.7,831.0,799.7,828.5,62527
1713139200,812.0,845.4,812.0,823.0,75837
1713225600,823.0,905.3,800.0,905.0,212626
1713398400,844.9,845.0,819.2,820.0,218705
1713657600,804.0,805.0,765.6,787.1,129366
1713744000,771.4,827.0,754.6,755.0,150131
1713916800,770.1,770.1,740.1,768.9,110945
1714003200,775.0,794.5,757.0,770.0,103424
1714262400,785.4,785.4,760.1,760.2,111346
1714348800,760.0,762.0,741.0,745.1,121068
1714435200,745.1,746.0,710.0,711.0,224124
1714608000,711.0,743.6,680.0,725.0,223183
1714867200,711.0,734.0,711.0,720.0,86171
1714953600,712.1,729.0,700.0,700.0,89365
1715040000,713.0,713.0,677.6,678.0,59810
1715126400,690.0,705.8,681.5,702.9,81824
1715212800,688.9,730.0,688.9,711.0,85563
1715472000,725.2,725.2,690.0,713.0,61527
1715558400,699.1,719.1,699.1,713.2,85980
1715644800,699.0,717.0,699.0,714.5,35815
1715731200,700.3,715.8,700.3,708.0,47687
1715817600,693.9,718.0,687.0,693.0,82143
1716076800,706.8,706.8,683.0,683.0,68364
1716163200,670.0,696.0,668.1,670.0,72783
1716249600,670.9,693.6,670.0,685.0,66176
1716336000,690.0,693.0,670.4,671.0,70854
1716681600,673.0,678.0,668.0,670.9,38820
1716768000,665.1,680.0,665.0,672.0,44813
1716940800,685.0,685.3,660.0,669.9,47225
1717027200,676.9,676.9,653.0,657.0,45855
1717286400,666.0,675.0,660.1,669.5,59114
1717372800,679.0,679.0,665.3,668.0,40976
1717459200,670.0,671.9,663.2,670.0,27244
1717545600,670.1,679.9,668.0,668.0,30061
1717632000,668.1,673.0,655.0,655.4,40441
1717891200,660.0,665.0,645.0,646.0,45107
1717977600,657.0,704.0,646.0,692.0,99039
1718064000,703.0,739.5,695.0,731.0,128856
1718150400,731.0,744.5,725.0,733.0,75199
1718236800,740.0,747.5,711.5,739.9,80523
1718496000,735.0,745.5,720.0,729.0,63411
1718668800,720.0,745.0,715.2,736.7,102035
1718755200,736.7,758.0,728.0,750.0,129003
1718841600,758.0,793.0,750.0,774.9,112673
1719100800,779.0,798.6,775.0,781.0,109737
1719187200,765.4,790.5,755.1,769.9,107114
1719273600,754.6,775.0,740.0,744.0,83904
1719360000,729.2,760.0,729.2,732.0,72413
1719446400,717.4,744.0,710.0,711.0,68000
1719705600,710.0,717.9,698.0,700.0,43110
1719792000,692.0,712.0,692.0,696.9,31571
1719878400,710.8,740.0,700.1,703.0,43786
1719964800,700.0,735.0,692.0,727.0,84106
1720051200,738.0,738.0,710.5,710.5,61645
1720310400,710.5,714.0,700.1,700.1,42944
1720396800,709.9,710.1,695.0,697.0,58770
1720483200,694.2,706.9,694.2,697.2,32717
1720569600,707.0,710.0,698.0,699.9,46320
1720656000,710.0,739.0,701.0,729.0,96658
1720915200,743.5,758.0,721.3,735.6,43428
1721001600,750.3,750.3,718.0,720.0,47245
1721088000,706.1,754.0,706.1,742.9,69515
1721174400,744.5,772.0,726.0,757.3,87353
1721260800,762.0,775.0,751.2,751.4,88983
1721520000,755.0,773.9,740.0,755.0,131346
1721606400,756.0,770.0,743.5,755.0,80471
1721692800,762.0,779.0,758.0,775.1,76787
1721779200,779.0,799.0,760.0,769.0,109796
1721865600,784.0,788.0,760.0,770.0,80657
1722124800,785.4,799.0,744.0,775.0,67123
1722211200,775.0,786.0,761.0,762.0,92753
1722297600,770.0,795.0,756.6,780.0,140000
1722384000,781.0,858.0,781.0,858.0,173974
1722470400,875.1,943.8,875.1,931.0,233614
1722816000,931.0,932.9,880.3,880.3,182455
1722902400,865.0,870.0,792.3,792.3,250116
1722988800,776.5,870.0,745.8,848.0,140199
1723075200,863.0,863.0,815.0,815.0,87322
1723334400,831.3,847.0,815.0,840.0,97966
1723420800,850.0,890.0,850.0,860.1,103194
1723507200,877.0,946.1,855.0,915.0,173287
1723593600,933.3,985.0,915.0,982.0,163272
1723680000,980.0,1041.0,940.0,942.0,169295
1723939200,923.2,950.0,885.0,894.0,170903
1724198400,876.2,929.9,876.2,914.0,104804
1724284800,932.2,980.0,917.0,919.0,113658
1724544000,919.0,929.0,869.0,873.0,104778
1724716800,873.0,891.0,835.0,843.0,68007
1724803200,859.8,876.0,817.0,818.0,76568
1724889600,834.0,839.0,801.1,801.1,55780
1725148800,805.3,831.0,795.0,795.0,59784
1725235200,810.0,864.0,802.5,864.0,104690
1725321600,870.0,897.0,853.0,861.0,59212
1725408000,860.0,870.0,812.0,812.0,72423
1725494400,828.2,828.2,791.1,798.0,56542
1725753600,813.7,824.8,793.0,796.0,39278
1725840000,793.4,807.0,770.0,773.0,58420
1725926400,788.4,800.0,766.4,775.0,46410
1726012800,780.0,791.0,770.0,774.9,33593
1726099200,780.0,800.0,770.3,800.0,48357
1726358400,812.0,814.9,770.0,775.0,38926
1726444800,770.0,775.0,735.0,739.0,47704
1726617600,739.1,740.0,711.0,716.0,49198
1726963200,730.0,744.6,710.1,717.0,22077
1727049600,710.0,718.0,664.0,674.0,54570
1727136000,674.0,683.0,651.0,652.0,32341
1727222400,652.0,678.0,640.0,667.2,41328
1727308800,655.0,679.9,640.0,641.1,28895
1727568000,640.0,649.8,619.3,646.0,27398
1727654400,650.0,681.0,650.0,678.0,22733
1727740800,685.0,745.8,685.0,745.8,48246
1727827200,760.7,770.0,726.5,740.0,57813
1728172800,739.0,785.0,726.0,776.0,30246
1728259200,782.0,799.0,745.1,760.0,42991
1728345600,750.0,760.0,734.0,742.0,19338
1728432000,754.0,754.0,729.1,750.0,18495
1728950400,750.0,778.2,750.0,778.0,20459
1729036800,785.1,793.0,775.0,779.0,22385
1729123200,780.0,790.0,768.2,775.1,37798
1729382400,759.6,770.0,744.6,750.0,36319
1729468800,750.0,751.0,710.0,715.0,43991
1729555200,715.0,741.0,715.0,730.0,22440
1729641600,744.6,759.0,721.0,735.0,40894
1729728000,749.0,749.0,722.3,730.0,27707
1729987200,730.0,738.9,726.0,726.0,13295
1730073600,740.5,755.0,733.0,755.0,25748
1730160000,769.9,794.8,769.9,776.0,62063
1730246400,790.0,790.0,760.1,762.1,16268
1730764800,777.0,785.0,750.0,756.0,13210
1730851200,768.0,770.0,750.0,760.0,20975
1731196800,775.0,782.0,770.0,775.0,33205
1731283200,790.0,790.0,762.0,769.0,38885
1731369600,782.0,784.3,770.0,771.0,30102
1731456000,785.0,810.0,761.0,809.0,84962
1731542400,815.0,840.0,810.0,819.9,71367
1731801600,830.0,830.0,795.0,797.0,44806
1731974400,797.0,812.0,768.0,770.0,62456
1732060800,754.7,784.9,725.0,777.0,34078
1732147200,788.8,788.8,750.0,750.0,32219
1732406400,764.0,765.0,743.0,745.0,25910
1732492800,749.9,762.8,745.3,758.0,18154
1732579200,773.0,827.0,770.0,809.0,143726
1732665600,808.1,815.0,799.0,800.0,31713
1732752000,801.0,801.0,782.0,784.0,38945
1733011200,768.4,782.3,755.0,761.0,55041
1733097600,773.0,773.0,758.0,762.0,31054
1733184000,746.8,790.0,746.8,778.0,34318
1733270400,777.7,792.0,760.0,763.0,20817
1733356800,778.0,778.0,733.3,745.0,57289
1733616000,745.1,748.9,715.0,719.9,34647
1733702400,716.0,733.5,715.0,723.5,32971
1733788800,737.0,737.0,711.0,727.0,14484
1733875200,738.0,742.0,723.4,742.0,12058
1733961600,746.0,746.0,720.0,720.0,17291
1734307200,720.0,720.0,697.0,699.7,30775
1734393600,686.1,709.9,685.0,695.0,16449
1734480000,700.0,708.0,692.0,693.1,14048
1734566400,689.0,704.0,678.0,680.0,21540
1734825600,691.9,691.9,666.5,668.9,17224
1734912000,670.0,679.9,670.0,677.0,11052
1734998400,689.0,705.0,688.0,695.0,25126
1735171200,683.0,690.0,675.0,675.0,19611
1735430400,670.4,670.4,653.8,657.0,28323
1735603200,651.09,651.09,620.0,631.0,40813
1735689600,632.0,655.0,631.0,652.5,16860
1735776000,651.0,663.0,645.0,663.0,22356
1736035200,651.0,680.0,651.0,661.0,14740
1736121600,662.0,670.0,661.1,665.0,15398
1736208000,675.0,679.8,665.1,674.0,19737
1736294400,673.0,705.0,673.0,695.0,26578
1736380800,708.9,723.0,669.1,675.1,18413
1736640000,688.6,699.0,651.0,656.1,9000
1736726400,664.0,669.0,646.1,650.0,19277
1736899200,640.0,664.0,620.0,638.0,26658
1736985600,633.0,641.0,620.2,620.4,31867
1737244800,620.0,649.0,608.0,626.0,21954
1737331200,620.1,644.0,613.0,613.0,27828
1737417600,613.0,620.0,605.0,606.0,28765
1737504000,606.0,610.0,599.0,602.0,30579
1737590400,608.4,608.4,590.1,590.1,36276
1737849600,601.9,601.9,568.0,568.0,61245
1737936000,575.0,592.0,548.0,580.0,43421
1738022400,580.0,615.0,580.0,594.5,18614
1738454400,595.0,609.0,586.3,601.0,33041
1738540800,613.0,613.0,594.9,595.0,25010
1738627200,604.0,604.0,577.0,577.0,21368
1738713600,585.0,617.1,575.0,603.0,44965
1738800000,603.0,636.0,600.0,615.0,43975
1739059200,626.9,626.9,602.0,615.0,26106
1739145600,609.9,617.0,603.0,605.0,16038
1739232000,617.1,620.0,601.3,614.0,31121
1739318400,619.0,630.0,610.0,619.5,31373
1739404800,626.0,628.0,612.1,615.0,31399
1739664000,627.0,670.0,622.9,669.0,84922
1739750400,682.3,682.3,640.0,655.0,51468
1739836800,668.1,668.1,640.0,642.5,36235
1740009600,642.0,669.0,632.0,652.0,41788
1740268800,639.0,663.0,628.0,649.0,25123
1740355200,650.0,660.0,641.0,641.0,21198
1740441600,653.8,653.9,638.0,638.2,17587
1740614400,650.0,650.9,638.0,648.0,19996
1740873600,660.9,672.0,648.0,672.0,29448
1740960000,685.4,685.4,656.0,656.0,21832
1741046400,651.0,669.1,642.1,647.0,24184
1741132800,649.8,650.0,635.0,639.8,14159
1741219200,648.5,653.8,632.0,642.0,19879
1741478400,641.9,644.9,630.0,634.0,13462
1741564800,630.0,640.0,625.2,625.5,9447
1741651200,630.0,631.0,603.0,609.0,21822
1741737600,619.0,622.0,603.1,608.0,19873
1742083200,610.0,632.0,604.0,607.1,20645
1742169600,613.0,615.0,606.0,610.0,5841
1742256000,612.0,615.0,610.0,614.5,6696
1742342400,624.9,624.9,604.0,605.0,8695
1742428800,606.0,607.0,590.1,596.56,17178
1742688000,594.0,594.0,578.0,579.87,17586
1742774400,571.4,610.0,571.0,595.29,18804
1742860800,596.0,596.0,575.0,575.66,15010
1742947200,576.1,590.0,575.0,579.4,10934
1743033600,579.4,588.2,579.4,586.4,9064
1743292800,590.0,604.0,589.9,598.84,15128
1743465600,609.8,609.8,587.0,591.12,9297
1743552000,592.0,612.0,592.0,598.31,10262
1743638400,591.0,616.3,586.0,586.87,13477
1743984000,575.5,598.6,575.0,578.21,9852
1744070400,579.0,589.0,572.5,582.33,5964
1744156800,592.9,593.0,584.0,584.52,3004
1744243200,596.0,596.0,578.2,580.12,6003
1744502400,589.9,590.0,580.0,580.0,9866
1744675200,582.0,600.0,580.0,594.96,13552
1744761600,606.0,618.0,582.0,593.16,10843
1744848000,595.0,605.0,588.2,601.85,20736
1745107200,613.0,613.0,591.5,592.7,7660
1745193600,591.0,599.0,585.0,585.96,11965
1745280000,580.0,585.0,577.0,582.72,9342
1745366400,578.0,584.0,571.1,574.92,17238
1745452800,582.0,582.0,568.0,570.85,12020
1745712000,564.0,580.0,560.0,562.14,12859
1745798400,573.0,580.0,550.9,562.41,9203
1745884800,562.41,567.0,555.1,556.31,7731
1745971200,567.0,567.0,550.0,551.22,10901
1746316800,562.0,562.0,535.0,538.85,16918
1746403200,528.1,550.9,528.1,538.24,5831
1746489600,547.8,547.8,530.5,531.98,11361
1746576000,542.0,565.0,534.0,557.36,19578
1746662400,568.5,588.0,547.3,573.21,21939
1746921600,584.0,584.0,555.1,555.4,7049
1747094400,554.1,566.0,547.0,547.25,7839
1747180800,538.2,558.0,538.2,543.12,11224
1747267200,538.0,548.0,538.0,540.35,6800
1747526400,540.1,548.0,535.0,536.3,8379
1747612800,545.0,549.0,536.0,542.93,8478
1747699200,540.0,555.0,533.7,552.03,12514
1747785600,563.0,593.0,553.7,554.64,17398
1747872000,555.1,567.0,551.1,552.94,10049
1748131200,555.0,565.0,545.0,547.26,7166
1748217600,558.2,569.3,543.0,543.99,11693
1748304000,550.0,550.0,540.0,540.65,6184
1748390400,545.0,551.0,530.3,540.36,9418
1748822400,551.1,561.0,547.0,548.07,12560
1748908800,558.9,558.9,545.1,545.15,3949
1748995200,555.0,555.0,540.0,543.82,6164
1749081600,554.0,554.0,533.0,538.45,8036
1749340800,531.0,544.9,531.0,539.15,8663
1749427200,542.0,549.0,539.0,543.27,13075
1749513600,551.9,568.0,542.0,563.42,28557
1749600000,556.2,569.9,549.0,549.72,15559
1749686400,560.0,562.0,544.1,546.37,10857
1749945600,547.0,556.0,545.2,547.02,6150
1750032000,550.0,550.0,543.1,544.15,6066
1750118400,554.2,554.2,536.0,539.24,7578
1750204800,540.0,549.5,536.0,538.43,4939
1750291200,535.0,549.0,529.0,533.46,13694
1750550400,535.0,545.0,530.0,531.25,9716
1750636800,531.2,541.8,530.1,536.11,6636
1750723200,537.0,553.9,533.0,534.05,8743
1750809600,535.1,540.0,529.0,529.9,11670
1750896000,540.0,540.0,530.2,530.84,6362
1751155200,536.0,536.0,528.0,532.07,9732
1751241600,521.5,540.0,521.5,529.4,3680
1751328000,535.5,535.5,526.9,531.65,8603
1751414400,542.2,542.2,532.0,538.07,12654
1751500800,544.0,565.0,539.0,556.4,28254
1751760000,565.0,580.0,548.5,566.89,32060
1751846400,560.0,562.0,540.0,542.16,18433
1751932800,541.0,551.9,541.0,550.12,7496
1752019200,550.2,556.0,547.0,551.75,6015
1752105600,553.0,565.0,553.0,558.18,12866
1752364800,569.3,590.0,560.0,562.81,23941
1752451200,569.59,569.59,555.0,560.65,15446
1752537600,568.0,579.9,560.0,577.57,31343
1752624000,589.0,589.0,580.1,583.63,14359
1752710400,589.9,600.0,579.2,593.68,18271
1752969600,590.0,600.0,575.0,577.59,39323
1753056000,585.0,585.0,560.0,575.22,37549
1753142400,585.0,590.0,575.1,586.38,21742
1753228800,591.0,611.0,588.0,605.94,51977
1753315200,610.0,612.0,593.9,597.32,23923
1753574400,600.0,606.0,580.2,584.88,36049
1753660800,580.0,601.0,574.3,597.27,28643
1753747200,608.0,608.0,590.0,598.33,26785
1753833600,592.0,603.0,579.0,581.41,17809
1753920000,578.0,601.0,574.0,581.86,31867
1754179200,570.4,590.0,570.0,570.73,14561
1754265600,582.0,582.1,560.2,568.72,20826
1754352000,578.0,578.0,560.0,560.51,6118
1754438400,560.0,571.0,556.0,559.87,11529
1754524800,571.0,571.0,561.0,563.78,5854
1754870400,555.7,566.8,550.0,553.48,10699
1754956800,550.0,561.0,543.0,546.83,10350
1755043200,554.9,555.0,543.0,543.85,9194
1755129600,554.0,554.0,543.0,543.35,5972
1755388800,541.0,543.9,530.0,532.07,17113
1755475200,540.0,540.0,532.1,535.16,5964
1755561600,534.0,556.4,534.0,540.05,7091
1755648000,543.0,549.8,535.0,536.7,6828
1755734400,535.0,537.0,532.5,534.51,9231
1755993600,544.9,544.9,527.4,529.56,12012
1756080000,532.0,536.8,529.2,533.45,6416
1756166400,534.0,537.9,530.0,534.21,4267
1756252800,543.9,543.9,530.3,538.33,10275
1756339200,548.9,548.9,530.5,531.34,8114
1756598400,530.0,535.0,525.4,525.55,7721
1756684800,516.0,534.0,516.0,526.95,3914
1756771200,529.0,534.9,520.0,523.32,7066
1756857600,524.0,538.0,513.0,514.27,11244
1756944000,524.5,565.0,509.6,519.14,15617
1757203200,529.5,529.5,509.0,511.68,9758
1757289600,520.0,520.0,508.0,509.72,3726
1758153600,499.6,499.6,465.5,465.5,2390
1758412800,465.5,512.0,465.5,499.45,17352
1758585600,509.4,517.0,500.0,512.0,5474
1758672000,521.0,521.0,500.0,510.0,4205
1758758400,513.0,518.5,500.0,507.9,1258
1759017600,517.0,517.0,487.0,500.0,4821
1759795200,500.0,500.0,490.0,491.0,2502
1759881600,484.5,484.5,472.4,480.0,9945
1759968000,489.6,514.5,489.0,491.7,6617
1760227200,482.1,485.0,475.0,483.0,5366
1760313600,490.0,490.0,475.1,487.5,5877
1760400000,478.2,484.9,478.2,479.1,3511
1760486400,480.0,486.5,471.5,471.5,5760
1760572800,480.0,480.0,468.0,474.0,2814
1760832000,480.0,480.0,471.6,474.0,1783
1761436800,470.0,473.0,460.6,460.6,5631
1761609600,465.0,480.0,465.0,477.9,7518
1761696000,486.8,486.8,475.0,476.5,3864
1761782400,484.0,485.9,472.0,480.0,6660
1762041600,489.0,528.0,485.0,528.0,40270
1762128000,538.0,561.0,530.0,539.1,40811
1762214400,547.0,547.0,519.0,520.0,12871
1762300800,530.4,572.0,515.0,543.0,48159
1762387200,550.0,559.0,528.3,532.0,27395
1762646400,525.1,527.0,507.0,520.0,18880
1762732800,510.0,524.0,510.0,515.0,5761
1762819200,515.0,519.8,510.0,510.0,8179
1762905600,520.0,520.0,503.0,503.0,6733
1762992000,510.0,510.0,495.1,502.0,10852
1763251200,502.0,505.0,492.1,496.9,5447
1763337600,506.8,506.8,490.2,505.0,7108
1763424000,515.0,515.0,505.0,509.0,8584
1763510400,515.0,515.0,500.0,500.5,7782
1763596800,500.0,502.0,491.0,500.0,3717
1763856000,510.0,510.0,500.0,508.9,12867
1763942400,515.0,517.5,506.2,517.5,6053
1764028800,522.0,526.0,507.0,518.0,9928
1764115200,519.0,519.0,508.3,518.0,3580
1764201600,528.2,528.2,508.0,510.0,7417
1764460800,520.0,520.0,500.0,507.0,7691
1764547200,505.0,509.9,497.0,509.0,7464
1764633600,518.0,518.0,500.1,508.9,2369
1764720000,513.2,523.0,510.0,515.0,18019
1765065600,515.0,525.0,506.1,506.1,4651
1765152000,501.1,510.0,501.0,501.0,3356
1765238400,508.0,508.0,498.0,498.4,5239
1765324800,497.0,501.0,495.0,498.9,6652
1765411200,500.0,500.0,491.4,499.0,3521
1765670400,501.0,501.0,495.1,495.3,3659
1765756800,495.0,505.1,492.0,495.0,3649
1765843200,493.0,502.7,491.1,496.8,5712
1765929600,493.0,513.0,493.0,508.9,17770
1766016000,500.0,515.0,500.0,500.2,5784
1766275200,490.5,500.0,490.2,495.0,2387
1766361600,490.1,494.0,486.1,487.1,7081
1766448000,496.0,496.0,485.0,485.6,3964
1766534400,495.0,495.0,483.0,486.0,4238
1766880000,490.0,500.0,490.0,494.0,8295
1766966400,501.0,516.0,499.0,500.0,10853
1767139200,509.0,519.0,490.5,505.0,9499
1767225600,505.1,514.0,495.1,500.0,4336
1767484800,503.0,508.5,490.0,505.0,5481
1767571200,505.0,510.0,500.0,507.0,18594
1767657600,515.0,526.0,510.0,523.0,21225
1767744000,532.0,532.0,512.0,512.0,16242
1767830400,520.0,520.0,506.0,511.9,10937
1768176000,519.0,521.5,508.0,509.5,12932
1768262400,505.5,519.6,505.0,507.0,5865
1768348800,513.0,521.0,506.0,511.0,21964
1768694400,521.2,562.1,521.2,562.1,94746
1768867200,573.3,618.3,573.3,618.3,186583
1768953600,630.0,636.0,591.5,619.9,108340
1769040000,607.6,644.0,578.0,606.0,138626
1769299200,593.9,610.0,590.0,598.0,96180
1769385600,598.0,602.8,575.0,591.0,80983
1769472000,580.0,600.0,569.0,569.2,52505
1769558400,570.0,586.0,563.0,577.0,62941
1769644800,588.0,593.0,565.0,570.0,46361
1769904000,570.0,602.0,561.5,581.4,55864
1769990400,590.0,591.7,578.0,582.0,28839
1770076800,589.4,589.5,567.5,567.5,23751
1770163200,578.0,580.0,567.4,567.4,23976
1770249600,578.7,580.0,568.2,579.0,37178
1770508800,587.0,594.0,576.0,577.0,38535
1770595200,570.1,595.0,565.3,566.0,30138
1770681600,577.3,577.3,556.0,560.0,16763
1770768000,551.0,580.0,550.0,553.0,17527
1770854400,551.3,564.0,549.0,552.2,37578
